-- phpMyAdmin SQL Dump
-- version 5.2.0
-- https://www.phpmyadmin.net/
--
-- Host: 127.0.0.1
-- Generation Time: Dec 14, 2022 at 10:36 PM
-- Server version: 10.4.25-MariaDB
-- PHP Version: 8.1.10

SET SQL_MODE = "NO_AUTO_VALUE_ON_ZERO";
START TRANSACTION;
SET time_zone = "+00:00";


/*!40101 SET @OLD_CHARACTER_SET_CLIENT=@@CHARACTER_SET_CLIENT */;
/*!40101 SET @OLD_CHARACTER_SET_RESULTS=@@CHARACTER_SET_RESULTS */;
/*!40101 SET @OLD_COLLATION_CONNECTION=@@COLLATION_CONNECTION */;
/*!40101 SET NAMES utf8mb4 */;

--
-- Database: `doan`
--

-- --------------------------------------------------------

--
-- Table structure for table `admin`
--

CREATE TABLE `admin` (
  `admin_id` int(11) NOT NULL,
  `name` varchar(200) COLLATE utf8mb4_unicode_ci NOT NULL,
  `email` varchar(200) COLLATE utf8mb4_unicode_ci NOT NULL,
  `password` varchar(200) COLLATE utf8mb4_unicode_ci NOT NULL,
  `phone` varchar(20) COLLATE utf8mb4_unicode_ci NOT NULL,
  `token` varchar(200) COLLATE utf8mb4_unicode_ci DEFAULT NULL
) ENGINE=InnoDB DEFAULT CHARSET=utf8mb4 COLLATE=utf8mb4_unicode_ci;

--
-- Dumping data for table `admin`
--

INSERT INTO `admin` (`admin_id`, `name`, `email`, `password`, `phone`, `token`) VALUES
(1, 'Admin', 'hoangphuong0813@gmail.com', '9256f07cf3c731a53e71937461aa7950', '0356929673', 'tnNmAFXM6yUNc5FZ');

-- --------------------------------------------------------

--
-- Table structure for table `brands`
--

CREATE TABLE `brands` (
  `id` int(11) NOT NULL,
  `title` varchar(200) COLLATE utf8mb4_unicode_ci NOT NULL,
  `status` int(11) NOT NULL
) ENGINE=InnoDB DEFAULT CHARSET=utf8mb4 COLLATE=utf8mb4_unicode_ci;

--
-- Dumping data for table `brands`
--

INSERT INTO `brands` (`id`, `title`, `status`) VALUES
(1, 'Iphone', 0),
(2, 'Samsung', 0),
(4, 'Xiaomi', 0),
(8, 'OnePlus', 0),
(9, 'Oppo', 0);

-- --------------------------------------------------------

--
-- Table structure for table `categories`
--

CREATE TABLE `categories` (
  `id` int(11) NOT NULL,
  `title` varchar(200) COLLATE utf8mb4_unicode_ci NOT NULL,
  `status` int(11) NOT NULL
) ENGINE=InnoDB DEFAULT CHARSET=utf8mb4 COLLATE=utf8mb4_unicode_ci;

--
-- Dumping data for table `categories`
--

INSERT INTO `categories` (`id`, `title`, `status`) VALUES
(2, 'Giá rẻ', 0),
(6, 'Chơi game Cấu hình cao', 0),
(7, 'Chụp ảnh Quay phim', 0),
(8, 'Mỏng nhẹ', 0),
(9, 'Nhỏ gọn dễ cầm', 0);

-- --------------------------------------------------------

--
-- Table structure for table `comments`
--

CREATE TABLE `comments` (
  `id` int(11) NOT NULL,
  `title` varchar(200) COLLATE utf8mb4_unicode_ci NOT NULL,
  `status` int(11) NOT NULL,
  `customer_id` int(11) DEFAULT NULL,
  `product_id` int(11) NOT NULL,
  `admin_id` int(11) DEFAULT NULL,
  `comment_parent_id` int(11) DEFAULT NULL,
  `created_at` timestamp NOT NULL DEFAULT current_timestamp(),
  `updated_at` timestamp NOT NULL DEFAULT current_timestamp() ON UPDATE current_timestamp()
) ENGINE=InnoDB DEFAULT CHARSET=utf8mb4 COLLATE=utf8mb4_unicode_ci;

--
-- Dumping data for table `comments`
--

INSERT INTO `comments` (`id`, `title`, `status`, `customer_id`, `product_id`, `admin_id`, `comment_parent_id`, `created_at`, `updated_at`) VALUES
(1, 'Điện thoại đẹp quá', 0, 1, 22, NULL, NULL, '2022-11-03 08:46:27', '2022-11-03 10:11:21'),
(13, 'Cám ơn bạn nha', 0, NULL, 22, 1, 1, '2022-11-13 16:12:59', '2022-11-13 16:12:59');

-- --------------------------------------------------------

--
-- Table structure for table `customers`
--

CREATE TABLE `customers` (
  `id` int(11) NOT NULL,
  `fullname` varchar(200) COLLATE utf8mb4_unicode_ci NOT NULL,
  `email` varchar(200) COLLATE utf8mb4_unicode_ci NOT NULL,
  `password` varchar(200) COLLATE utf8mb4_unicode_ci DEFAULT NULL,
  `phone` varchar(20) COLLATE utf8mb4_unicode_ci DEFAULT NULL,
  `address` varchar(200) COLLATE utf8mb4_unicode_ci DEFAULT NULL,
  `status` int(11) NOT NULL DEFAULT 0,
  `customer_token` varchar(200) COLLATE utf8mb4_unicode_ci DEFAULT NULL,
  `google_id` varchar(200) COLLATE utf8mb4_unicode_ci DEFAULT NULL,
  `facebook_id` varchar(200) COLLATE utf8mb4_unicode_ci DEFAULT NULL,
  `provider` varchar(200) COLLATE utf8mb4_unicode_ci DEFAULT NULL
) ENGINE=InnoDB DEFAULT CHARSET=utf8mb4 COLLATE=utf8mb4_unicode_ci;

--
-- Dumping data for table `customers`
--

INSERT INTO `customers` (`id`, `fullname`, `email`, `password`, `phone`, `address`, `status`, `customer_token`, `google_id`, `facebook_id`, `provider`) VALUES
(1, 'Hoang Phuong', 'hoangphuong0813@gmail.com', '$2y$10$6HGrjKFoLBvGPw9yTWVxFuJ6WvuhUi2MU93/4XeNwNP.vbBtAcsJm', '0356929673', 'A2/47a, Ấp 1 Xã Phong Phú-Huyện Bình Chánh-Hồ Chí Minh', 0, 'dfyh45bdItFhoITh', NULL, NULL, NULL),
(2, 'Phương', '', NULL, NULL, NULL, 0, NULL, NULL, '3330089617264301', 'facebook'),
(15, 'Phuong Bui Hoang', 'dh51805388@student.stu.edu.vn', NULL, NULL, NULL, 0, NULL, '105129479750824051899', NULL, 'google'),
(16, 'Hoàng Phương', 'nannhancuaem123@gmail.com', NULL, NULL, NULL, 0, NULL, '115582293758357615639', NULL, 'google'),
(17, 'Phương Hoàng', 'hoangphuong0813@gmail.com', NULL, NULL, NULL, 0, NULL, '112323179811446002921', NULL, 'google');

-- --------------------------------------------------------

--
-- Table structure for table `galleries`
--

CREATE TABLE `galleries` (
  `id` int(11) NOT NULL,
  `title` varchar(200) COLLATE utf8mb4_unicode_ci NOT NULL,
  `image` varchar(200) COLLATE utf8mb4_unicode_ci NOT NULL,
  `product_id` int(11) NOT NULL
) ENGINE=InnoDB DEFAULT CHARSET=utf8mb4 COLLATE=utf8mb4_unicode_ci;

--
-- Dumping data for table `galleries`
--

INSERT INTO `galleries` (`id`, `title`, `image`, `product_id`) VALUES
(5, 'iphone-11-trang.jpg', 'iphone-11-trang-1-2-org5364.jpg', 22),
(6, 'vi-vn-iphone-11-tinhnang2475.jpg', 'vi-vn-iphone-11-tinhnang2475.jpg', 22),
(7, 'samsung-galaxy-z-flip4-note-1-11852.jpg', 'samsung-galaxy-z-flip4-note-1-11852.jpg', 24),
(8, 'samsung-galaxy-z-flip4-tim-128gb-26421.jpg', 'samsung-galaxy-z-flip4-tim-128gb-26421.jpg', 24),
(9, 'samsung-galaxy-z-flip4-tim-128gb-39249.jpg', 'samsung-galaxy-z-flip4-tim-128gb-39249.jpg', 24),
(10, 'iphone-13-pro-xanh-xa-19102.jpg', 'iphone-13-pro-xanh-xa-19102.jpg', 23),
(11, 'iphone-13-pro-xanh-xa-2423.jpg', 'iphone-13-pro-xanh-xa-2423.jpg', 23),
(12, 'iphone-13-pro-xanh-xa-32853.jpg', 'iphone-13-pro-xanh-xa-32853.jpg', 23),
(13, 'xiaomi-redmi-note-11-43002.jpg', 'xiaomi-redmi-note-11-43002.jpg', 25),
(14, 'xiaomi-redmi-note-11-52294.jpg', 'xiaomi-redmi-note-11-52294.jpg', 25),
(15, 'xiaomi-redmi-note-11-81370.jpg', 'xiaomi-redmi-note-11-81370.jpg', 25),
(16, 'xiaomi-redmi-note-11-91018.jpg', 'xiaomi-redmi-note-11-91018.jpg', 25),
(17, 'xiaomi-redmi-note-11-n-21006.jpg', 'xiaomi-redmi-note-11-n-21006.jpg', 25),
(18, 'iphone-14-pro-tong-quan-1020x570446.jpg', 'iphone-14-pro-tong-quan-1020x570446.jpg', 26),
(19, 'vi-vn-iphone-14-pro--(2)1486.jpg', 'vi-vn-iphone-14-pro--(2)1486.jpg', 26),
(23, 'oppo-reno8-pro---5--1020x5703063.jpg', 'oppo-reno8-pro---5--1020x5703063.jpg', 27),
(24, 'oppo-reno8-pro---7--1020x5701468.jpg', 'oppo-reno8-pro---7--1020x5701468.jpg', 27),
(25, 'oppo-reno8-pro-note3569.jpg', 'oppo-reno8-pro-note3569.jpg', 27),
(26, 'vi-vn-oppo-reno8-pro---8--1020x570799.jpg', 'vi-vn-oppo-reno8-pro---8--1020x570799.jpg', 27),
(27, '27661.jpg', '27661.jpg', 28),
(28, '36180.jpg', '36180.jpg', 28),
(29, '55716.jpg', '55716.jpg', 28),
(30, 'samsung-galaxy-s22-ultra-note7219.jpg', 'samsung-galaxy-s22-ultra-note7219.jpg', 28);

-- --------------------------------------------------------

--
-- Table structure for table `orders`
--

CREATE TABLE `orders` (
  `id` varchar(100) COLLATE utf8mb4_unicode_ci NOT NULL,
  `price_ship` bigint(19) DEFAULT NULL,
  `note` varchar(200) COLLATE utf8mb4_unicode_ci DEFAULT NULL,
  `status` int(11) DEFAULT 1,
  `payment_method` varchar(200) COLLATE utf8mb4_unicode_ci NOT NULL,
  `name_nguoinhan` varchar(200) COLLATE utf8mb4_unicode_ci DEFAULT NULL,
  `phone_nguoinhan` varchar(20) COLLATE utf8mb4_unicode_ci DEFAULT NULL,
  `address_nguoinhan` varchar(200) COLLATE utf8mb4_unicode_ci DEFAULT NULL,
  `customer_id` int(11) NOT NULL,
  `created_at` timestamp NOT NULL DEFAULT current_timestamp(),
  `updated_at` timestamp NOT NULL DEFAULT current_timestamp() ON UPDATE current_timestamp()
) ENGINE=InnoDB DEFAULT CHARSET=utf8mb4 COLLATE=utf8mb4_unicode_ci;

--
-- Dumping data for table `orders`
--

INSERT INTO `orders` (`id`, `price_ship`, `note`, `status`, `payment_method`, `name_nguoinhan`, `phone_nguoinhan`, `address_nguoinhan`, `customer_id`, `created_at`, `updated_at`) VALUES
('14c7e', 29000, '123', 3, 'Trả bằng thẻ ngân hàng', 'Hoang Phuong', '0356929673', 'A2/47a, Ấp 1-Xã Tống Trân-Huyện Phù Cừ-Hưng Yên', 1, '2022-12-22 16:45:09', '2022-12-02 02:46:35'),
('1ab06', 21000, '123', 2, 'Trả bằng thẻ ngân hàng', 'Hoang Phuong', '0356929673', 'A2/47a, Ấp 1-Xã Lý Nhơn-Huyện Cần Giờ-Hồ Chí Minh', 1, '2022-11-28 12:21:42', '2022-12-14 14:28:33'),
('2760b', 29000, '123', 1, 'Trả bằng thẻ ngân hàng', '456', '1234343542', 'A2/47a, Ấp 1-Xã Văn Môn-Huyện Yên Phong-Bắc Ninh', 1, '2022-11-22 16:16:14', '2022-11-22 16:16:14'),
('3249c', 29000, 'qwe', 1, 'Trả bằng thẻ ngân hàng', 'Admin', '0123456789', 'A2/47a, Ấp 1-Xã Pú Hồng-Huyện Điện Biên Đông-Điện Biên', 1, '2022-10-22 15:02:25', '2022-11-22 17:30:14'),
('34cb5', 29000, 'qwe', 1, 'Trả bằng thẻ ngân hàng', 'phuong', '0123456778', 'A2/47a, Ấp 1-Xã Vĩnh Thuận Tây-Huyện Vị Thuỷ-Hậu Giang', 1, '2022-09-22 15:03:05', '2022-11-22 17:30:20'),
('35f7e', 53145, '123', 1, 'Trả bằng thẻ ngân hàng', 'phuong', '0123456789', 'A2/47a, Ấp 1-Xã Đoàn Đào-Huyện Phù Cừ-Hưng Yên', 1, '2022-08-22 15:10:34', '2022-11-22 17:30:26'),
('4b778', 53145, 'qwe', 1, 'Trả bằng thẻ ngân hàng', 'phuong', '0123456789', 'A2/47a, Ấp 1-Xã Tân Quang-Huyện Văn Lâm-Hưng Yên', 1, '2022-07-22 14:08:34', '2022-11-22 17:30:31'),
('54f0f', 29000, 'asd', 1, 'Trả bằng thẻ ngân hàng', 'phuong', '1234567890', 'A2/47a, Ấp 1-Xã Tri Phương-Huyện Tiên Du-Bắc Ninh', 1, '2022-06-22 14:09:32', '2022-11-22 17:30:36'),
('589a3', 21000, 'qưe', 3, 'Tiền mặt', 'phuong', '0356929673', 'Xã Phong Phú-Huyện Bình Chánh-Hồ Chí Minh', 1, '2022-05-18 16:55:34', '2022-11-22 17:30:40'),
('644fd', 97951, '123', 1, 'Trả bằng thẻ ngân hàng', 'Admin', '0123456789', 'A2/47a, Ấp 1-Xã Pú Nhi-Huyện Điện Biên Đông-Điện Biên', 1, '2022-04-22 15:58:27', '2022-11-22 17:30:45'),
('68bd1', 53145, '123', 1, 'Trả bằng thẻ ngân hàng', 'phuong', '0123456778', 'A2/47a, Ấp 1-Xã Hương Lạc-Huyện Lạng Giang-Bắc Giang', 1, '2022-03-22 15:09:02', '2022-11-22 17:30:51'),
('70760', 53145, '123', 1, 'Trả bằng thẻ ngân hàng', 'Admin', '0123456789', 'A2/47a, Ấp 1-Xã An Bình-Huyện Lạc Thủy-Hòa Bình', 1, '2022-02-22 15:56:35', '2022-11-22 17:30:56'),
('75f2f', 21000, 'qwe', 1, 'Trả bằng thẻ ngân hàng', 'Hoàng Phương', NULL, 'A2/47a, Ấp 1-Xã Phong Phú-Huyện Bình Chánh-Hồ Chí Minh', 16, '2022-11-28 11:08:15', '2022-11-28 11:08:15'),
('7cc79', 29000, 'qwe', 1, 'Trả bằng thẻ ngân hàng', 'phuong', '1234567789', 'A2/47a, Ấp 1-Xã Lãng Sơn-Huyện Yên Dũng-Bắc Giang', 1, '2022-01-22 14:12:42', '2022-11-22 17:31:00'),
('8a004', 29000, '123', 1, 'Trả bằng thẻ ngân hàng', '123', '0393214124', 'A2/47a, Ấp 1-Xã Viêng Lán-Huyện Yên Châu-Sơn La', 1, '2022-01-22 16:09:15', '2022-11-22 17:32:13'),
('8e492', 53145, 'qwe', 1, 'Trả bằng thẻ ngân hàng', 'Hoang Phuong', '3569296733', 'A2/47a, Ấp 1-Xã Việt Hưng-Huyện Văn Lâm-Hưng Yên', 1, '2022-03-22 15:00:28', '2022-11-22 17:32:18'),
('925c7', 21000, 'qưe', 1, 'Tiền mặt', 'Phuong', '0356929673', 'A2/47a, Ấp 1-Xã Phong Phú-Huyện Bình Chánh-Hồ Chí Minh', 1, '2022-05-18 17:03:24', '2022-11-22 17:32:24'),
('9c1cf', 29000, '12345', 1, 'Trả bằng thẻ ngân hàng', '0356929673', 'Hoang Phuong', 'A2/47a, Ấp 1-Xã An Bình-Huyện Lạc Thủy-Hòa Bình', 1, '2022-07-22 16:30:14', '2022-11-22 17:32:28'),
('9cdb8', 128449, 'asd', 3, 'Tiền mặt', 'phuong', '0356929673', 'Xã Phong Phú-Huyện Bình Chánh-Hồ Chí Minh', 2, '2022-09-18 03:04:31', '2022-11-22 17:32:34'),
('aa440', 53145, '123', 1, 'Trả bằng thẻ ngân hàng', 'phuong', '0123456778', 'A2/47a, Ấp 1-Xã Tư Mại-Huyện Yên Dũng-Bắc Giang', 1, '2022-11-22 15:04:48', '2022-11-22 15:04:48'),
('cb8dd', 29000, '123456', 1, 'Trả bằng thẻ ngân hàng', 'Hoang Phuong', '0356929673', 'A2/47a, Ấp 1-Xã Tú Nang-Huyện Yên Châu-Sơn La', 1, '2022-11-22 16:32:09', '2022-11-22 16:32:09'),
('d3b1c', 29000, 'asd', 1, 'Trả bằng thẻ ngân hàng', 'Hoang Phuong', '3569296733', 'A2/47a, Ấp 1-Xã Sùng Phài-Huyện Tam Đường-Lai Châu', 1, '2022-11-22 14:16:22', '2022-11-22 14:16:22'),
('e148a', 29000, '123', 1, 'Trả bằng thẻ ngân hàng', 'Hoang Phuong', '3569296731', 'A2/47a, Ấp 1-Xã Pú Hồng-Huyện Điện Biên Đông-Điện Biên', 1, '2022-11-22 15:59:59', '2022-11-22 15:59:59'),
('e4b29', 191951, '123', 1, 'Trả bằng thẻ ngân hàng', 'Admin', '0123456789', 'A2/47a, Ấp 1-Xã Sập Vạt-Huyện Yên Châu-Sơn La', 1, '2022-11-22 16:05:23', '2022-11-22 16:05:23'),
('f6a0d', 29000, '12345', 1, 'Trả bằng thẻ ngân hàng', 'Hoang Phuong', '0356929673', 'A2/47a, Ấp 1-Xã Tống Phan-Huyện Phù Cừ-Hưng Yên', 1, '2022-11-22 16:41:06', '2022-11-22 17:40:41');

-- --------------------------------------------------------

--
-- Table structure for table `order_details`
--

CREATE TABLE `order_details` (
  `id` int(11) NOT NULL,
  `number` int(11) NOT NULL,
  `price` bigint(19) NOT NULL,
  `status` int(11) NOT NULL,
  `order_id` varchar(100) COLLATE utf8mb4_unicode_ci NOT NULL,
  `product_id` int(11) NOT NULL,
  `created_at` timestamp NOT NULL DEFAULT current_timestamp(),
  `updated_at` timestamp NOT NULL DEFAULT current_timestamp() ON UPDATE current_timestamp()
) ENGINE=InnoDB DEFAULT CHARSET=utf8mb4 COLLATE=utf8mb4_unicode_ci;

--
-- Dumping data for table `order_details`
--

INSERT INTO `order_details` (`id`, `number`, `price`, `status`, `order_id`, `product_id`, `created_at`, `updated_at`) VALUES
(37, 1, 20990000, 1, '9cdb8', 24, '2022-11-18 03:04:31', '2022-11-18 03:04:31'),
(38, 1, 28300000, 1, '589a3', 23, '2022-11-18 16:55:34', '2022-11-18 16:55:34'),
(39, 1, 20990000, 1, '925c7', 24, '2022-11-18 17:03:24', '2022-11-18 17:03:24'),
(40, 1, 4390000, 1, '4b778', 25, '2022-11-22 14:08:34', '2022-11-22 14:08:34'),
(41, 1, 30590000, 1, '54f0f', 26, '2022-11-22 14:09:32', '2022-11-22 14:09:32'),
(42, 1, 30590000, 1, '7cc79', 26, '2022-11-22 14:12:42', '2022-11-22 14:12:42'),
(43, 1, 11790000, 1, 'd3b1c', 22, '2022-11-22 14:16:22', '2022-11-22 14:16:22'),
(44, 1, 4390000, 1, '8e492', 25, '2022-11-22 15:00:28', '2022-11-22 15:00:28'),
(45, 1, 30590000, 1, '3249c', 26, '2022-11-22 15:02:25', '2022-11-22 15:02:25'),
(46, 1, 11790000, 1, '34cb5', 22, '2022-11-22 15:03:05', '2022-11-22 15:03:05'),
(47, 1, 4390000, 1, 'aa440', 25, '2022-11-22 15:04:48', '2022-11-22 15:04:48'),
(48, 1, 4390000, 1, '68bd1', 25, '2022-11-22 15:09:02', '2022-11-22 15:09:02'),
(49, 1, 4390000, 1, '35f7e', 25, '2022-11-22 15:10:34', '2022-11-22 15:10:34'),
(50, 1, 4390000, 1, '70760', 25, '2022-11-22 15:56:35', '2022-11-22 15:56:35'),
(51, 1, 11790000, 1, '644fd', 22, '2022-11-22 15:58:27', '2022-11-22 15:58:27'),
(52, 1, 11790000, 1, 'e148a', 22, '2022-11-22 15:59:59', '2022-11-22 15:59:59'),
(53, 1, 30590000, 1, 'e4b29', 26, '2022-11-22 16:05:23', '2022-11-22 16:05:23'),
(54, 1, 4390000, 1, 'e4b29', 25, '2022-11-22 16:05:23', '2022-11-22 16:05:23'),
(55, 1, 30590000, 1, '8a004', 26, '2022-11-22 16:09:15', '2022-11-22 16:09:15'),
(56, 1, 4390000, 1, '8a004', 25, '2022-11-22 16:09:15', '2022-11-22 16:09:15'),
(57, 1, 20990000, 1, '2760b', 24, '2022-11-22 16:16:14', '2022-11-22 16:16:14'),
(58, 1, 11790000, 1, '2760b', 22, '2022-11-22 16:16:14', '2022-11-22 16:16:14'),
(59, 1, 30590000, 1, '9c1cf', 26, '2022-11-22 16:30:14', '2022-11-22 16:30:14'),
(60, 1, 30590000, 1, 'cb8dd', 26, '2022-11-22 16:32:09', '2022-11-22 16:32:09'),
(61, 1, 30590000, 1, 'f6a0d', 26, '2022-11-22 16:41:06', '2022-11-22 16:41:06'),
(62, 1, 30590000, 1, '14c7e', 26, '2022-11-22 16:45:09', '2022-11-22 16:45:09'),
(63, 2, 30590000, 1, '75f2f', 26, '2022-11-28 11:08:15', '2022-11-28 11:08:15'),
(64, 1, 30590000, 1, '1ab06', 26, '2022-11-28 12:21:42', '2022-11-28 12:21:42');

-- --------------------------------------------------------

--
-- Table structure for table `products`
--

CREATE TABLE `products` (
  `id` int(11) NOT NULL,
  `title` varchar(200) COLLATE utf8mb4_unicode_ci NOT NULL,
  `image` varchar(200) COLLATE utf8mb4_unicode_ci NOT NULL,
  `number` int(11) NOT NULL,
  `price` bigint(20) NOT NULL,
  `price_sale` bigint(20) NOT NULL,
  `manhinh` varchar(200) COLLATE utf8mb4_unicode_ci NOT NULL,
  `mausac` varchar(200) COLLATE utf8mb4_unicode_ci NOT NULL,
  `camera_sau` varchar(200) COLLATE utf8mb4_unicode_ci NOT NULL,
  `camera_truoc` varchar(200) COLLATE utf8mb4_unicode_ci NOT NULL,
  `cpu` varchar(200) COLLATE utf8mb4_unicode_ci NOT NULL,
  `bonho` varchar(200) COLLATE utf8mb4_unicode_ci NOT NULL,
  `ram` varchar(200) COLLATE utf8mb4_unicode_ci NOT NULL,
  `ketnoi` text COLLATE utf8mb4_unicode_ci NOT NULL,
  `pin_sac` varchar(200) COLLATE utf8mb4_unicode_ci NOT NULL,
  `tienich` text COLLATE utf8mb4_unicode_ci NOT NULL,
  `thongtin_chung` text COLLATE utf8mb4_unicode_ci DEFAULT NULL,
  `height` int(11) DEFAULT NULL,
  `length` int(11) DEFAULT NULL,
  `weight` int(11) DEFAULT NULL,
  `width` int(11) DEFAULT NULL,
  `status` int(11) NOT NULL,
  `brand_id` int(11) NOT NULL,
  `category_id` int(11) NOT NULL,
  `created_at` timestamp NOT NULL DEFAULT current_timestamp(),
  `updated_at` timestamp NOT NULL DEFAULT current_timestamp() ON UPDATE current_timestamp()
) ENGINE=InnoDB DEFAULT CHARSET=utf8mb4 COLLATE=utf8mb4_unicode_ci;

--
-- Dumping data for table `products`
--

INSERT INTO `products` (`id`, `title`, `image`, `number`, `price`, `price_sale`, `manhinh`, `mausac`, `camera_sau`, `camera_truoc`, `cpu`, `bonho`, `ram`, `ketnoi`, `pin_sac`, `tienich`, `thongtin_chung`, `height`, `length`, `weight`, `width`, `status`, `brand_id`, `category_id`, `created_at`, `updated_at`) VALUES
(22, 'IPhone 11', '\"iphone-11-trang-600x6009959.jpg\"', 50, 15000000, 11790000, 'IPS LCD 6.1\" Liquid Retina', 'Trắng', '2 camera 12 MP', '12 MP', 'Apple A13 Bionic', '64GB', '4GB', '1 Nano SIM & 1 eSIMHỗ trợ 4G', '3110 mAh 20 W', 'Bảo mật nâng cao:  Mở khoá khuôn mặt Face ID Tính năng đặc biệt:  Apple Pay Âm thanh Dolby Audio Kháng nước, bụi:  IP68 Ghi âm:  Ghi âm có microphone chuyên dụng chống ồn Xem phim:  H.264(MPEG4-AVC) Nghe nhạc:  AAC  MP3  Lossless  FLAC', '<h2><strong>Thông tin sản phẩm</strong></h2>\r\n\r\n<h3>Apple đã chính thức trình làng bộ 3 siêu phẩm iPhone 11, trong đó phiên bản iPhone 11 64GB có mức giá rẻ nhất nhưng vẫn được nâng cấp mạnh mẽ như iPhone Xr ra mắt trước đó.</h3>\r\n\r\n<h3><strong>Nâng cấp mạnh mẽ về camera</strong></h3>\r\n\r\n<p>Nói về nâng cấp thì camera chính là điểm có nhiều cải tiến nhất trên thế hệ iPhone mới.</p>\r\n\r\n<p>Nếu như trước đây iPhone Xr chỉ có một camera thì nay với iPhone 11 chúng ta sẽ có tới hai camera ở mặt sau.</p>\r\n\r\n<p>Ngoài camera chính vẫn có độ phân giải 12 MP thì chúng ta sẽ có thêm một camera góc siêu rộng và cũng với độ phân giải tương tự.</p>\r\n\r\n<h3><strong>Hiệu năng mạnh mẽ hàng đầu thế giới</strong></h3>\r\n\r\n<p>Mỗi lần ra iPhone mới là mỗi lần Apple mang đến cho người dùng một trải nghiệm về hiệu năng \"chưa từng có\".</p>\r\n\r\n<p>Trên iPhone 11 mới Apple nâng cấp con chip của mình lên thế hệ Apple A13 Bionic rất mạnh mẽ.</p>\r\n\r\n<p>Chiếc iPhone này cũng được nâng cấp dung lượng RAM 4 GB thay vì 3 GB như thế hệ trước đó.</p>\r\n\r\n<p>Ở mức cấu hình trên giúp điện thoại chơi game tốt với các tựa game phổ biến hiện nay một cách mượt mà, ổn định. Mọi thao tác trên iPhone mới cũng cho tốc độ phản hồi nhanh mà bạn gần như sẽ không cảm nhận được sự giật lag cho dù có sử dụng trong một thời gian dài.</p>\r\n\r\n<p>Phiên bản iOS 15 (12/2021) đi kèm với chiếc iPhone này cũng được trang bị nhiều tính năng hơn giúp bạn sử dụng chiếc iPhone hiệu quả hơn.</p>\r\n\r\n<p>Face ID trên iPhone 11 cũng được cải tiến để có thể nhận diện ở nhiều góc độ hơn và tốc độ phản hồi nhanh hơn.</p>\r\n\r\n<h3><strong>Những thay đổi về thiết kế theo hướng tích cực</strong></h3>\r\n\r\n<p>Chúng ta sẽ có một mặt lưng hoàn thiện dưới dạng kính và Apple nói rằng họ đã sử dụng loại kính bền nhất từ trước tới nay cho chiếc iPhone này.</p>\r\n\r\n<p>Camera kép trên iPhone mới cũng được thiết kế lại và tin vui là nó sẽ bớt lồi hơn so với trên iPhone Xr trước đây.</p>\r\n\r\n<p>Điểm nhấn về cụm camera to bản ở mặt sau sẽ giúp người khác dễ dàng nhận biết bạn đang sử dụng một chiếc iPhone 11 trên tay.</p>\r\n\r\n<p>Logo quả táo truyền thống của Apple nay đã được di chuyển về phần chính giữa của mặt lớn thay vì đặt lệch về phía cạnh trên như những đời iPhone trước đó.</p>\r\n\r\n<p>Apple cho biết họ đã hoàn thiện trên iPhone mới để nó cho khả năng chống nước tốt hơn và người dùng có thể yên tâm về điều đó. </p>\r\n\r\n<h3><strong>Thời lượng pin tốt nhất từ trước tới nay</strong></h3>\r\n\r\n<p>Khi nói đến thời lượng pin iPhone 11, hẳn nhiều người đã ước ao rằng máy sẽ có viên pin tốt giống như iPhone Xr (có thời lượng pin tốt nhất so với bất kỳ iPhone hiện đại nào).</p>\r\n\r\n<p>Tuy nhiên bạn sẽ còn có một chiếc máy thậm chí còn tốt hơn nữa.</p>\r\n\r\n<p>Theo Apple thì chiếc iPhone mới sẽ có thời lượng pin trâu hơn 1 giờ so với chiếc iPhone Xr.</p>\r\n\r\n<p>Như vậy với iPhone mới bạn hoàn toàn có thể sử dụng máy lên tới 2 ngày mà không cần lo lắng việc thiết bị sẽ hết pin giữa chừng.</p>\r\n\r\n<p>Tất nhiên máy cũng sẽ hỗ trợ công nghệ sạc nhanh nhưng bạn phải mua thêm củ sạc bên ngoài để có thể sử dụng tính năng này.</p>\r\n\r\n<p>Với chừng đó tính năng, chừng đó cải tiến thì chiếc iPhone 11 này tự tin sẽ là một đối thủ đáng gờm với những chiếc flagship đến từ các hãng Android đang có mặt trên thị trường.</p>', 15, 1, 188, 1, 0, 1, 6, '2022-11-16 07:56:42', '2022-12-03 13:05:10'),
(23, 'IPhone 13 Pro Max', '\"iphone-13-pro-max-xanh-la-thumb-600x6008822.jpg\"', 70, 34000000, 28300000, 'OLED 6.7\" Super Retina XDR', 'Xám', '3 camera 12 MP', '12 MP', 'Apple A15 Bionic', '128GB', '8GB', '1 Nano SIM & 1 eSIMHỗ trợ 5G', '5000 mAh 15 W', 'Bảo mật nâng cao:  Mở khoá khuôn mặt  Face ID Kháng nước, bụi:  IP68 Ghi âm:  Ghi âm có microphone chuyên dụng chống ồn Xem phim:  H.264(MPEG4-AVC) Nghe nhạc:  AAC  Lossless  FLAC', '<h2><strong>Thông tin sản phẩm</strong></h2>\r\n\r\n<h3>Điện thoại iPhone 13 Pro Max 128 GB - siêu phẩm được mong chờ nhất ở nửa cuối năm 2021 đến từ Apple. Máy có thiết kế không mấy đột phá khi so với người tiền nhiệm, bên trong đây vẫn là một sản phẩm có màn hình siêu đẹp, tần số quét được nâng cấp lên 120 Hz mượt mà, cảm biến camera có kích thước lớn hơn, cùng hiệu năng mạnh mẽ với sức mạnh đến từ Apple A15 Bionic, sẵn sàng cùng bạn chinh phục mọi thử thách.</h3>\r\n\r\n<h3><strong>Thiết kế đẳng cấp hàng đầu</strong></h3>\r\n\r\n<p>iPhone mới kế thừa thiết kế đặc trưng từ iPhone 12 Pro Max khi sở hữu khung viền vuông vức, mặt lưng kính cùng màn hình tai thỏ tràn viền nằm ở phía trước.</p>\r\n\r\n<p>Với iPhone 13 Pro Max phần tai thỏ đã được thu gọn lại 20% so với thế hệ trước, không chỉ giải phóng nhiều không gian hiển thị hơn mà còn giúp mặt trước chiếc điện thoại trở nên hấp dẫn hơn mà vẫn đảm bảo được hoạt động của các cảm biến.</p>\r\n\r\n<p>Điểm thay đổi dễ dàng nhận biết trên iPhone 13 Pro Max chính là kích thước của cảm biến camera sau được làm to hơn và để tăng độ nhận diện cho sản phẩm mới thì Apple cũng đã bổ sung một tùy chọn màu sắc Sierra Blue (màu xanh dương nhạt hơn so với Pacific Blue của iPhone 12 Pro Max).</p>\r\n\r\n<p>Máy vẫn tiếp tục sử dụng khung viền thép cao cấp cho khả năng chống trầy xước và va đập một cách vượt trội, kết hợp với khả năng kháng bụi, nước chuẩn IP68.</p>\r\n\r\n<h3><strong>Màn hình giải trí siêu mượt cùng tần số quét 120 Hz</strong></h3>\r\n\r\n<p>iPhone 13 Pro Max được trang bị màn hình kích thước 6.7 inch cùng độ phân giải 1284 x 2778 Pixels, sử dụng tấm nền OLED cùng công nghệ Super Retina XDR cho khả năng tiết kiệm năng lượng vượt trội nhưng vẫn đảm bảo hiển thị sắc nét sống động chân thực.</p>\r\n\r\n<p>iPhone Pro Max năm nay đã được nâng cấp lên tần số quét 120 Hz, mọi thao tác chuyển cảnh khi lướt ngón tay trên màn hình trở nên mượt mà hơn đồng thời hiệu ứng thị giác khi chúng ta chơi game hoặc xem video cũng cực kỳ mãn nhãn.</p>\r\n\r\n<p>Cùng công nghệ ProMotion thông minh có thể thay đổi tần số quét từ 10 đến 120 lần mỗi giây tùy thuộc vào ứng dụng, thao tác bạn đang sử dụng, nhằm tối ưu thời lượng sử dụng pin và trải nghiệm của bạn.</p>\r\n\r\n<p>Nếu bạn dùng iPhone 13 Pro Max để chơi game, tần số quét 120 Hz kết hợp hiệu suất đồ họa tuyệt vời của GPU sẽ khiến máy trở nên vô cùng hoàn hảo khi trải nghiệm.</p>\r\n\r\n<h3><strong>Hiệu năng đầy hứa hẹn với Apple A15 Bionic </strong></h3>\r\n\r\n<p>iPhone 13 Pro Max sẽ được trang bị bộ vi xử lý Apple A15 Bionic mới nhất của hãng, được sản xuất trên tiến trình 5 nm, đảm bảo mang lại hiệu năng vận hành ấn tượng mà vẫn tiết kiệm điện tốt nhất cùng khả năng hỗ trợ mạng 5G tốc độ siêu cao.</p>\r\n\r\n<p>Theo Apple công bố, A15 Bionic là chipset nhanh nhất trong thế giới smartphone (9/2021), có tốc độ nhanh hơn 50% so với các chip khác trên thị trường, có thể thực hiện 15.8 nghìn tỷ phép tính mỗi giây, giúp hiệu năng CPU nhanh hơn bao giờ hết.</p>\r\n\r\n<p>Máy sở hữu bộ nhớ trong 128 GB, vừa đủ với nhu cầu sử dụng của một người dùng cơ bản, không có nhu cầu quay video quá nhiều, ngoài ra năm nay cũng có thêm phiên bản bộ nhớ trong lên đến 1TB, bạn có thể cân nhắc nếu có nhu cầu lưu trữ cao.</p>\r\n\r\n<p>Ngoài ra, máy còn được tích hợp công nghệ Wi-Fi 6, chuẩn kết nối không dây mới với việc trang bị nhiều băng tần 5G, tương thích với nhiều nhà mạng ở các quốc gia khác nhau, iPhone 13 Pro Max luôn cho tốc độ mạng tối đa, cho trải nghiệm xem phim 4K mượt mà, tải tệp tin trong chớp mắt, chơi game online không độ trễ ở bất cứ đâu.</p>\r\n\r\n<h3><strong>Bước nhảy vọt về thời lượng pin</strong></h3>\r\n\r\n<p>iPhone Pro Max đánh dấu bước ngoặt mới trong thời lượng pin sử dụng. Với viên pin dung lượng pin lớn kết hợp cùng màn hình mới và bộ vi xử lý Apple A15 Bionic tiết kiệm điện, giúp iPhone 13 Pro Max trở thành chiếc iPhone có thời lượng pin tốt nhất từ trước đến nay, dài hơn 2.5 giờ so với người tiền nhiệm. </p>\r\n\r\n<p>Đáng tiếc là dung lượng pin của các mẫu iPhone mới được cải thiện nhưng tốc độ sạc nhanh của chúng vẫn chỉ dừng ở mức 20 W qua kết nối có dây và sạc qua MagSafe ở mức tối đa 15 W hoặc có thể qua bộ sạc không dây dựa trên Qi với công suất 7.5 W.</p>\r\n\r\n<p>Apple đã không ngừng cải tiến đem đến cho người dùng sản phẩm tốt nhất, iPhone 13 Pro Max 128GB vẫn giữ được các điểm nổi bật của người tiền nhiệm, nổi bật với cải tiến về cấu hình, thời lượng pin cũng như camera và nhiều điều còn chờ bạn khám phá.</p>', 15, 1, 178, 1, 0, 1, 7, '2022-11-16 07:35:18', '2022-12-03 13:05:06'),
(24, 'Samsung Galaxy Z Flip4', '\"samsung-galaxy-z-flip4-5g-128gb-thumb-tim-600x6003276.jpg\"', 70, 23990000, 20990000, 'Chính: Dynamic AMOLED 2X, Phụ: Super AMOLED Chính 6.7\" & Phụ 1.9\" Full HD+', 'Tím', '2 camera 12 MP', '10 MP', 'Snapdragon 8+ Gen 1', '128GB', '8GB', 'Mạng di động:  Hỗ trợ 5G SIM:  1 Nano SIM & 1 eSIM Wifi: Dual-band (2.4 GHz/5 GHz)  Wi-Fi 802.11 a/b/g/n/ac/ax  6 GHz  Wi-Fi MIMO  GPS: GPS  GALILEO  GLONASS  QZSS  BEIDOU  Bluetooth: v5.2 Cổng kết nối/sạc:  Type-C Jack tai nghe:  Type-C Kết nối khác:  OTGNFC', '3700 mAh 25 W', 'Bảo mật nâng cao:  Mở khoá vân tay cạnh viền Mở khoá khuôn mặt Tính năng đặc biệt:  Samsung DeX (Kết nối màn hình sử dụng giao diện tương tự PC)  Thu nhỏ màn hình sử dụng một tay  Đa cửa sổ (chia đôi màn hình)  Màn hình luôn hiển thị AOD  Trợ lý ảo Samsung Bixby  Ứng dụng kép (Dual Messenger)  Tối ưu game (Game Booster)  Samsung Pay  Chế độ trẻ em (Samsung Kids)  Âm thanh Dolby Atmos  Chế độ đơn giản (Giao diện đơn giản)  Kháng nước, bụi:  IPX8 Ghi âm:  Ghi âm mặc địnhGhi âm cuộc gọi', '<h3 style=\"margin: 20px 0px 15px; padding: 0px; font-variant-numeric: normal; font-variant-east-asian: normal; font-stretch: normal; line-height: 28px; outline: none;\"><span style=\"transition-duration: 0.2s; transition-property: all; font-stretch: normal; line-height: 18px; outline-color: initial; outline-width: initial;\"><b style=\"\"><font color=\"#000000\" style=\"\">Samsung Galaxy Z Flip4 128GB</font></b></span><b style=\"color: rgb(51, 51, 51); font-family: Arial, Helvetica, sans-serif; font-size: 20px;\"> đã chính thức ra mắt thị trường công nghệ, đánh dấu sự trở lại của Samsung trên con đường định hướng người dùng về sự tiện lợi trên những chiếc điện thoại gập. Với độ bền được gia tăng cùng kiểu thiết kế đẹp mắt giúp Flip4 trở thành một trong những tâm điểm sáng giá cho nửa cuối năm 2022.</b></h3><h3 style=\"margin: 20px 0px 15px; padding: 0px; font-variant-numeric: normal; font-variant-east-asian: normal; font-weight: bold; font-stretch: normal; font-size: 20px; line-height: 28px; font-family: Arial, Helvetica, sans-serif; color: rgb(51, 51, 51); outline: none; text-align: justify;\">Dẫn đầu xu hướng thiết kế mới </h3><p style=\"margin-right: 0px; margin-bottom: 10px; margin-left: 0px; padding: 0px; margin-block: 0px; text-rendering: geometricprecision; line-height: 1.5; color: rgb(51, 51, 51); font-family: Arial, Helvetica, sans-serif; text-align: justify;\">Có lẽ điện thoại gập đã không còn là cái tên quá xa lạ bởi nhiều ông lớn trong ngành sản xuất thiết bị di động đã cho ra mắt khá nhiều sản phẩm có thiết kế tương tự, gần đây nhất thì có sự góp mặt của chiếc flagship đến từ nhà Samsung mang tên Galaxy Z Flip4. </p><p style=\"margin-right: 0px; margin-bottom: 10px; margin-left: 0px; padding: 0px; margin-block: 0px; text-rendering: geometricprecision; line-height: 1.5; color: rgb(51, 51, 51); font-family: Arial, Helvetica, sans-serif; text-align: justify;\">Ngay từ những giây phút đầu tiên sử dụng chiếc Galaxy Z Flip4 mình đã cảm nhận được sự khác biệt của nó so với thế hệ trước, máy bây giờ đã vuông vắn hơn nhờ tạo hình vát phẳng ở hai mặt và các cạnh.</p><p style=\"margin-right: 0px; margin-bottom: 10px; margin-left: 0px; padding: 0px; margin-block: 0px; text-rendering: geometricprecision; line-height: 1.5; color: rgb(51, 51, 51); font-family: Arial, Helvetica, sans-serif; text-align: justify;\">Phần mặt lưng của máy được phủ một lớp nhám nhẹ giúp cho mình có thể cầm nắm chắc tay hơn, hạn chế được tình trạng bám dấu vân tay trong quá trình sử dụng. </p><p style=\"margin-right: 0px; margin-bottom: 10px; margin-left: 0px; padding: 0px; margin-block: 0px; text-rendering: geometricprecision; line-height: 1.5; font-family: Arial, Helvetica, sans-serif; text-align: justify;\"><font color=\"#333333\">Theo như hãng công bố thì phiên bản </font><font style=\"\" color=\"#000000\"><span style=\"transition-duration: 0.2s; transition-property: all;\">điện thoại Galaxy Z</span></font><font color=\"#333333\"> này có thể gập lên đến 200.000 lần liên tục trong phòng thí nghiệm. Nếu trung bình một ngày bạn gập, mở máy khoảng 50 lần thì mất khoảng 10 năm thì mới có thể đạt đến số lần gập này.</font></p><p style=\"margin-right: 0px; margin-bottom: 10px; margin-left: 0px; padding: 0px; margin-block: 0px; text-rendering: geometricprecision; line-height: 1.5; font-family: Arial, Helvetica, sans-serif; text-align: justify;\"><span style=\"color: rgb(51, 51, 51);\">Bộ khung và bản lề của sản phẩm được hoàn thiện từ vật liệu Armor Aluminum cứng cáp. Liên kết giữa các chi tiết được làm khít lại để giúp máy có thể kháng nước tốt hơn với chuẩn IPX8, từ đó giúp Galaxy Z Flip4 trở thành chiếc </span><span style=\"transition-duration: 0.2s; transition-property: all;\"><font color=\"#000000\" style=\"\">điện thoại</font></span><span style=\"color: rgb(51, 51, 51);\"> gập bền bỉ nhất.</span><font color=\"#333333\"><br></font></p><p style=\"margin-right: 0px; margin-bottom: 10px; margin-left: 0px; padding: 0px; margin-block: 0px; text-rendering: geometricprecision; line-height: 1.5; font-family: Arial, Helvetica, sans-serif; text-align: justify;\"><font color=\"#333333\">Với những thông tin trên cho thấy Samsung Galaxy Z Flip4 là một chiếc </font><font style=\"\" color=\"#000000\"><span style=\"transition-duration: 0.2s; transition-property: all; background-color: rgb(255, 255, 255);\">điện thoại kháng nước, bụi</span></font><font color=\"#333333\"> có độ bền rất cao, vì thế bạn hoàn toàn có thể an tâm trong việc sử dụng thiết bị một khoảng thời gian dài.</font></p><h3 style=\"margin: 20px 0px 15px; padding: 0px; font-variant-numeric: normal; font-variant-east-asian: normal; font-weight: bold; font-stretch: normal; font-size: 20px; line-height: 28px; font-family: Arial, Helvetica, sans-serif; color: rgb(51, 51, 51); outline: none; text-align: justify;\">Nâng tầm trải nghiệm smartphone </h3><p style=\"margin-right: 0px; margin-bottom: 10px; margin-left: 0px; padding: 0px; margin-block: 0px; text-rendering: geometricprecision; line-height: 1.5; color: rgb(51, 51, 51); font-family: Arial, Helvetica, sans-serif; text-align: justify;\">Với một người thích sử dụng những chiếc điện thoại màn hình lớn như mình thì trở ngại thường gặp đó chính là kích thước máy khá to, gây khó khăn cho mình trong những lúc bỏ vào túi. Thế nhưng điều này lại được khắc phục hoàn toàn trên chiếc Galaxy Z Flip4 bởi sau khi gập thì chiều dài của máy chỉ còn khoảng 84.9 mm.</p><p style=\"margin-right: 0px; margin-bottom: 10px; margin-left: 0px; padding: 0px; margin-block: 0px; text-rendering: geometricprecision; line-height: 1.5; color: rgb(51, 51, 51); font-family: Arial, Helvetica, sans-serif; text-align: justify;\">Với kích thước nhỏ gọn như vậy thì máy dễ dàng nằm gọn trong lòng bàn tay, đây được xem là một sản phẩm rất thích hợp dành cho những bạn nữ mong muốn có cho mình một thiết bị có màn hình lớn nhưng vẫn đáp ứng được tiêu chí nhỏ gọn và thời trang.</p><p style=\"margin-right: 0px; margin-bottom: 10px; margin-left: 0px; padding: 0px; margin-block: 0px; text-rendering: geometricprecision; line-height: 1.5; color: rgb(51, 51, 51); font-family: Arial, Helvetica, sans-serif; text-align: justify;\">Một điểm hay trên phiên bản này là về giao diện chụp ảnh chia đôi màn hình đã hỗ trợ trên ứng dụng camera bên thứ 3, giờ đây khung hình hiển thị màn chụp sẽ được thu nhỏ và nằm vừa vặn bên trong nửa màn hình còn lại để mình dễ dàng theo dõi chất lượng ảnh, từ đó có thể chủ động hơn trong việc điều chỉnh góc chụp.</p><p style=\"margin-right: 0px; margin-bottom: 10px; margin-left: 0px; padding: 0px; margin-block: 0px; text-rendering: geometricprecision; line-height: 1.5; color: rgb(51, 51, 51); font-family: Arial, Helvetica, sans-serif; text-align: justify;\">Hơn nữa, bạn có thể selfie bằng cụm camera sau để nâng cao chất lượng ảnh một cách dễ dàng nhờ có màn hình phụ.</p><p style=\"margin-right: 0px; margin-bottom: 10px; margin-left: 0px; padding: 0px; margin-block: 0px; text-rendering: geometricprecision; line-height: 1.5; color: rgb(51, 51, 51); font-family: Arial, Helvetica, sans-serif; text-align: justify;\">Một điểm hay nữa ở phần màn hình phụ mà mình muốn chia sẻ với các bạn là ở phần tính năng hiển thị, Galaxy Z Flip4 có thể đem đến nhiều thông tin và tiện ích để bạn có thể sử dụng nhanh chóng mà không cần mở thiết bị, nổi bật trong số đó có thể kể đến như: Nhạc, lịch, thời tiết, gọi trực tiếp,...</p><p style=\"margin-right: 0px; margin-bottom: 10px; margin-left: 0px; padding: 0px; margin-block: 0px; text-rendering: geometricprecision; line-height: 1.5; color: rgb(51, 51, 51); font-family: Arial, Helvetica, sans-serif; text-align: justify;\">Điều nâng cấp ở phiên bản này so với thế hệ trước là giờ đây Galaxy Z Flip4 có thể giúp bạn nhận trực tiếp cuộc gọi từ màn hình phụ (hỗ trợ nghe loa ngoài), trả lời tin nhắn bằng văn bản soạn sẵn. </p><p style=\"margin-right: 0px; margin-bottom: 10px; margin-left: 0px; padding: 0px; margin-block: 0px; text-rendering: geometricprecision; line-height: 1.5; color: rgb(51, 51, 51); font-family: Arial, Helvetica, sans-serif; text-align: justify;\"><a class=\"preventdefault\" href=\"https://cdn.tgdd.vn/Products/Images/42/258047/samsung-galaxy-z-flip4-230922-100357.jpg\" style=\"margin: 0px; padding: 0px; transition: all 0.2s ease 0s; color: rgb(47, 128, 237); cursor: default;\"></a></p><p style=\"margin-right: 0px; margin-bottom: 10px; margin-left: 0px; padding: 0px; margin-block: 0px; text-rendering: geometricprecision; line-height: 1.5; font-family: Arial, Helvetica, sans-serif; text-align: justify;\"><font color=\"#333333\">Để màn hình phụ trở nên thú vị hơn thì hãng </font><font color=\"#000000\" style=\"background-color: rgb(255, 255, 255);\"><font style=\"\"><span style=\"transition-duration: 0.2s; transition-property: all;\">điện thoại Samsung</span></font> </font><span style=\"color: rgb(51, 51, 51);\">đã bổ sung rất nhiều kiểu màn hình để bạn có thể tùy biến giao diện theo ý thích cá nhân. Không những thế, việc cài đặt màn hình mang dấu ấn cá nhân cũng đã tạo thêm điểm nhấn cho chiếc máy ở phần mặt lưng.</span></p><p style=\"margin-right: 0px; margin-bottom: 10px; margin-left: 0px; padding: 0px; margin-block: 0px; text-rendering: geometricprecision; line-height: 1.5; color: rgb(51, 51, 51); font-family: Arial, Helvetica, sans-serif; text-align: justify;\"><a class=\"preventdefault\" href=\"https://cdn.tgdd.vn/Products/Images/42/258047/samsung-galaxy-z-flip4-230922-100358.jpg\" style=\"margin: 0px; padding: 0px; transition: all 0.2s ease 0s; color: rgb(47, 128, 237); cursor: default;\"></a></p><h3 style=\"margin: 20px 0px 15px; padding: 0px; font-variant-numeric: normal; font-variant-east-asian: normal; font-weight: bold; font-stretch: normal; font-size: 20px; line-height: 28px; font-family: Arial, Helvetica, sans-serif; color: rgb(51, 51, 51); outline: none; text-align: justify;\">Sở hữu màn hình cao cấp</h3><p style=\"margin-right: 0px; margin-bottom: 10px; margin-left: 0px; padding: 0px; margin-block: 0px; text-rendering: geometricprecision; line-height: 1.5; color: rgb(51, 51, 51); font-family: Arial, Helvetica, sans-serif; text-align: justify;\">Màn hình chính được trang bị một tấm nền Dynamic AMOLED 2X có độ phân giải Full HD+ (2640 x 1080 Pixels), ảnh cho ra sẽ có màu sắc rực rỡ và nhìn rất trong trẻo, mọi nội dung đều được tái hiện sắc nét.</p><p style=\"margin-right: 0px; margin-bottom: 10px; margin-left: 0px; padding: 0px; margin-block: 0px; text-rendering: geometricprecision; line-height: 1.5; color: rgb(51, 51, 51); font-family: Arial, Helvetica, sans-serif; text-align: justify;\">Nếu như chỉ sử dụng điện thoại cho những tác vụ cơ bản thì dường như mình ít cảm nhận được sự khác biệt rõ rệt, đặc biệt là khi so sánh với những tấm nền Super AMOLED của các thiết bị đến từ nhà Samsung trước đây.</p><p style=\"margin-right: 0px; margin-bottom: 10px; margin-left: 0px; padding: 0px; margin-block: 0px; text-rendering: geometricprecision; line-height: 1.5; color: rgb(51, 51, 51); font-family: Arial, Helvetica, sans-serif; text-align: justify;\"><a class=\"preventdefault\" href=\"https://cdn.tgdd.vn/Products/Images/42/258047/samsung-galaxy-z-flip4-230922-100400.jpg\" style=\"margin: 0px; padding: 0px; transition: all 0.2s ease 0s; color: rgb(47, 128, 237); cursor: default;\"></a></p><p style=\"margin-right: 0px; margin-bottom: 10px; margin-left: 0px; padding: 0px; margin-block: 0px; text-rendering: geometricprecision; line-height: 1.5; color: rgb(51, 51, 51); font-family: Arial, Helvetica, sans-serif; text-align: justify;\">Tuy nhiên sau khi mình chơi những tựa game có đồ họa nhiều màu sắc và hiệu ứng hình ảnh như Liên Quân Mobile, xem những bộ phim bom tấn đến từ Marvel thì mọi thứ dường như đã làm mình choáng ngợp. Màu sắc phải nói là rất đã mắt và chân thực.</p><p style=\"margin-right: 0px; margin-bottom: 10px; margin-left: 0px; padding: 0px; margin-block: 0px; text-rendering: geometricprecision; line-height: 1.5; color: rgb(51, 51, 51); font-family: Arial, Helvetica, sans-serif; text-align: justify;\"><a class=\"preventdefault\" href=\"https://cdn.tgdd.vn/Products/Images/42/258047/samsung-galaxy-z-flip4-230922-100402.jpg\" style=\"margin: 0px; padding: 0px; transition: all 0.2s ease 0s; color: rgb(47, 128, 237); cursor: default;\"></a></p><p style=\"margin-right: 0px; margin-bottom: 10px; margin-left: 0px; padding: 0px; margin-block: 0px; text-rendering: geometricprecision; line-height: 1.5; color: rgb(51, 51, 51); font-family: Arial, Helvetica, sans-serif; text-align: justify;\">Màn hình chính có kích thước đến 6.7-inch nên ta hoàn toàn có thể sử dụng đồng thời hai app bằng tính năng chia đôi màn hình. Ngoài ra khi chơi game mình cũng cảm thấy thoải mái hơn bởi các phím chức năng được bố trí cách xa với nhau mà không làm che đi quá nhiều phần hiển thị, lúc thao tác cũng hạn chế được tình trạng ấn nhầm.</p><p style=\"margin-right: 0px; margin-bottom: 10px; margin-left: 0px; padding: 0px; margin-block: 0px; text-rendering: geometricprecision; line-height: 1.5; color: rgb(51, 51, 51); font-family: Arial, Helvetica, sans-serif; text-align: justify;\">Nhờ có độ sáng tối đa lên tới 1200 nits nên khi sử dụng ngoài trời mình cũng cảm thấy dễ dàng hơn, tuy nhiên nếu dùng máy ở mức sáng này liên tục trong khoảng thời gian dài sẽ làm giảm thời lượng dùng của viên pin.</p><p style=\"margin-right: 0px; margin-bottom: 10px; margin-left: 0px; padding: 0px; margin-block: 0px; text-rendering: geometricprecision; line-height: 1.5; color: rgb(51, 51, 51); font-family: Arial, Helvetica, sans-serif; text-align: justify;\"><a class=\"preventdefault\" href=\"https://cdn.tgdd.vn/Products/Images/42/258047/samsung-galaxy-z-flip4-230922-100404.jpg\" style=\"margin: 0px; padding: 0px; transition: all 0.2s ease 0s; color: rgb(47, 128, 237); cursor: default;\"></a></p><p style=\"margin-right: 0px; margin-bottom: 10px; margin-left: 0px; padding: 0px; margin-block: 0px; text-rendering: geometricprecision; line-height: 1.5; color: rgb(51, 51, 51); font-family: Arial, Helvetica, sans-serif; text-align: justify;\">Nhờ có tần số quét 120 Hz trên tấm nền Dynamic AMOLED 2X nên mọi thao tác vuốt chạm ở phần màn hình được phản hồi nhanh chóng và hết sức mượt mà. Galaxy Z Flip4 có khả năng tự động điều chỉnh tần số quét từ 1 - 120 Hz phụ thuộc vào tác vụ sử dụng, nhằm tiết kiệm điện năng tiêu thụ.</p><h3 style=\"margin: 20px 0px 15px; padding: 0px; font-variant-numeric: normal; font-variant-east-asian: normal; font-weight: bold; font-stretch: normal; font-size: 20px; line-height: 28px; font-family: Arial, Helvetica, sans-serif; color: rgb(51, 51, 51); outline: none; text-align: justify;\">Ảnh chụp bắt trọn vẻ đẹp từ mọi khung cảnh</h3><p style=\"margin-right: 0px; margin-bottom: 10px; margin-left: 0px; padding: 0px; margin-block: 0px; text-rendering: geometricprecision; line-height: 1.5; color: rgb(51, 51, 51); font-family: Arial, Helvetica, sans-serif; text-align: justify;\">Điện thoại được trang bị hai camera sau có cùng độ phân giải 12 MP với rất nhiều tính năng chụp ảnh chuyên nghiệp, giúp mình có thể thỏa sức khám phá vẻ đẹp của khung cảnh qua nhiều kiểu ảnh khác nhau.</p><p style=\"margin-right: 0px; margin-bottom: 10px; margin-left: 0px; padding: 0px; margin-block: 0px; text-rendering: geometricprecision; line-height: 1.5; color: rgb(51, 51, 51); font-family: Arial, Helvetica, sans-serif; text-align: justify;\"><a class=\"preventdefault\" href=\"https://cdn.tgdd.vn/Products/Images/42/258047/samsung-galaxy-z-flip4-230922-100405.jpg\" style=\"margin: 0px; padding: 0px; transition: all 0.2s ease 0s; color: rgb(47, 128, 237); cursor: default;\"></a></p><p style=\"margin-right: 0px; margin-bottom: 10px; margin-left: 0px; padding: 0px; margin-block: 0px; text-rendering: geometricprecision; line-height: 1.5; color: rgb(51, 51, 51); font-family: Arial, Helvetica, sans-serif; text-align: justify;\">Đầu tiên là đến với phần chụp ảnh bằng chế độ mặc định, ảnh cho ra có độ chi tiết cao nên dù mình có phóng to lên 30% thì ảnh vẫn chưa xuất hiện tình trạng vỡ ảnh.</p><p style=\"margin-right: 0px; margin-bottom: 10px; margin-left: 0px; padding: 0px; margin-block: 0px; text-rendering: geometricprecision; line-height: 1.5; color: rgb(51, 51, 51); font-family: Arial, Helvetica, sans-serif; text-align: justify;\"><a class=\"preventdefault\" href=\"https://cdn.tgdd.vn/Products/Images/42/258047/samsung-galaxy-z-flip4-230922-100407.jpg\" style=\"margin: 0px; padding: 0px; transition: all 0.2s ease 0s; color: rgb(47, 128, 237); cursor: default;\"></a><i style=\"margin: 0px; padding: 0px;\">*Ảnh chụp nguyên bản</i></p><p style=\"margin-right: 0px; margin-bottom: 10px; margin-left: 0px; padding: 0px; margin-block: 0px; text-rendering: geometricprecision; line-height: 1.5; color: rgb(51, 51, 51); font-family: Arial, Helvetica, sans-serif; text-align: justify;\"><a class=\"preventdefault\" href=\"https://cdn.tgdd.vn/Products/Images/42/258047/samsung-galaxy-z-flip4-230922-100409.jpg\" style=\"margin: 0px; padding: 0px; transition: all 0.2s ease 0s; color: rgb(47, 128, 237); cursor: default;\"></a></p><p style=\"margin-right: 0px; margin-bottom: 10px; margin-left: 0px; padding: 0px; margin-block: 0px; text-rendering: geometricprecision; line-height: 1.5; color: rgb(51, 51, 51); font-family: Arial, Helvetica, sans-serif; text-align: justify;\"><i style=\"margin: 0px; padding: 0px;\">*Ảnh chụp sau khi phóng to</i></p><p style=\"margin-right: 0px; margin-bottom: 10px; margin-left: 0px; padding: 0px; margin-block: 0px; text-rendering: geometricprecision; line-height: 1.5; color: rgb(51, 51, 51); font-family: Arial, Helvetica, sans-serif; text-align: justify;\">Với những tình huống chụp ảnh ngoài trời khi cường độ ánh sáng cao làm cho bức ảnh có khả năng bị cháy sáng thì Galaxy Z Flip4 sẽ tự động điều chỉnh và cân bằng ánh sáng, ảnh sau khi chụp sẽ được load trong 1 đến 3 giây để máy có thể sử dụng thuật toán xử lý ảnh thông minh giúp bức ảnh trở nên hài hòa hơn.</p><p style=\"margin-right: 0px; margin-bottom: 10px; margin-left: 0px; padding: 0px; margin-block: 0px; text-rendering: geometricprecision; line-height: 1.5; color: rgb(51, 51, 51); font-family: Arial, Helvetica, sans-serif; text-align: justify;\"><a class=\"preventdefault\" href=\"https://cdn.tgdd.vn/Products/Images/42/258047/samsung-galaxy-z-flip4-230922-100410.jpg\" style=\"margin: 0px; padding: 0px; transition: all 0.2s ease 0s; color: rgb(47, 128, 237); cursor: default;\"></a></p><p style=\"margin-right: 0px; margin-bottom: 10px; margin-left: 0px; padding: 0px; margin-block: 0px; text-rendering: geometricprecision; line-height: 1.5; color: rgb(51, 51, 51); font-family: Arial, Helvetica, sans-serif; text-align: justify;\">Ở những khung cảnh có vùng tối - sáng chênh lệch nhau quá nhiều thì Galaxy Z Flip4 cũng có thể đem đến cho bạn một bức ảnh đẹp mắt, những vùng tối sẽ được nâng sáng lên đôi chút và tương tự vùng sáng cũng sẽ được giảm lại để cân bằng với nhau.</p><p style=\"margin-right: 0px; margin-bottom: 10px; margin-left: 0px; padding: 0px; margin-block: 0px; text-rendering: geometricprecision; line-height: 1.5; color: rgb(51, 51, 51); font-family: Arial, Helvetica, sans-serif; text-align: justify;\"><a class=\"preventdefault\" href=\"https://cdn.tgdd.vn/Products/Images/42/258047/samsung-galaxy-z-flip4-230922-100412.jpg\" style=\"margin: 0px; padding: 0px; transition: all 0.2s ease 0s; color: rgb(47, 128, 237); cursor: default;\"></a></p><p style=\"margin-right: 0px; margin-bottom: 10px; margin-left: 0px; padding: 0px; margin-block: 0px; text-rendering: geometricprecision; line-height: 1.5; color: rgb(51, 51, 51); font-family: Arial, Helvetica, sans-serif; text-align: justify;\">Tính năng mà mình ấn tượng nhất chính là chụp ảnh xóa phông trên camera sau, chủ thể được tách nền cực kỳ mịn ở môi trường đủ sáng, với cảnh chụp có nhiều chi tiết nhỏ thì máy vẫn có thể xử lý và tách nền hiệu quả.</p><p style=\"margin-right: 0px; margin-bottom: 10px; margin-left: 0px; padding: 0px; margin-block: 0px; text-rendering: geometricprecision; line-height: 1.5; color: rgb(51, 51, 51); font-family: Arial, Helvetica, sans-serif; text-align: justify;\"><a class=\"preventdefault\" href=\"https://cdn.tgdd.vn/Products/Images/42/258047/samsung-galaxy-z-flip4-230922-100414.jpg\" style=\"margin: 0px; padding: 0px; transition: all 0.2s ease 0s; color: rgb(47, 128, 237); cursor: default;\"></a></p><p style=\"margin-right: 0px; margin-bottom: 10px; margin-left: 0px; padding: 0px; margin-block: 0px; text-rendering: geometricprecision; line-height: 1.5; color: rgb(51, 51, 51); font-family: Arial, Helvetica, sans-serif; text-align: justify;\">Chuyển qua phần camera góc siêu rộng thì ảnh thu nhiều không gian hơn, phù hợp để chụp những khung ảnh rộng lớn. Chất lượng ảnh ở các góc không bị bóp méo quá nhiều.</p><p style=\"margin-right: 0px; margin-bottom: 10px; margin-left: 0px; padding: 0px; margin-block: 0px; text-rendering: geometricprecision; line-height: 1.5; color: rgb(51, 51, 51); font-family: Arial, Helvetica, sans-serif; text-align: justify;\"><a class=\"preventdefault\" href=\"https://cdn.tgdd.vn/Products/Images/42/258047/samsung-galaxy-z-flip4-230922-100416.jpg\" style=\"margin: 0px; padding: 0px; transition: all 0.2s ease 0s; color: rgb(47, 128, 237); cursor: default;\"></a></p><p style=\"margin-right: 0px; margin-bottom: 10px; margin-left: 0px; padding: 0px; margin-block: 0px; text-rendering: geometricprecision; line-height: 1.5; color: rgb(51, 51, 51); font-family: Arial, Helvetica, sans-serif; text-align: justify;\">Nhờ có chế độ chụp ảnh zoom nên khi mình chụp các vật thể ở khoảng cách xa bằng Samsung Galaxy Z Flip4 cũng trở nên dễ dàng hơn, tiết kiệm thời gian khi không phải thường xuyên di chuyển để chọn góc chụp, nhưng chất lượng ảnh cho ra vẫn có độ chi tiết cao.</p><p style=\"margin-right: 0px; margin-bottom: 10px; margin-left: 0px; padding: 0px; margin-block: 0px; text-rendering: geometricprecision; line-height: 1.5; color: rgb(51, 51, 51); font-family: Arial, Helvetica, sans-serif; text-align: justify;\"><a class=\"preventdefault\" href=\"https://cdn.tgdd.vn/Products/Images/42/258047/samsung-galaxy-z-flip4-230922-100418.jpg\" style=\"margin: 0px; padding: 0px; transition: all 0.2s ease 0s; color: rgb(47, 128, 237); cursor: default;\"></a></p><p style=\"margin-right: 0px; margin-bottom: 10px; margin-left: 0px; padding: 0px; margin-block: 0px; text-rendering: geometricprecision; line-height: 1.5; color: rgb(51, 51, 51); font-family: Arial, Helvetica, sans-serif; text-align: justify;\">Nói đến phần chụp ảnh đêm trên Galaxy Z Flip4 phải nói là rất tốt khi hiện tượng nhiễu hạt dường như không xuất hiện trên bức ảnh (ảnh gốc), tình trạng cháy sáng ở những nơi có độ sáng cao cũng được cải thiện so với thế hệ trước.</p><p style=\"margin-right: 0px; margin-bottom: 10px; margin-left: 0px; padding: 0px; margin-block: 0px; text-rendering: geometricprecision; line-height: 1.5; color: rgb(51, 51, 51); font-family: Arial, Helvetica, sans-serif; text-align: justify;\"><a class=\"preventdefault\" href=\"https://cdn.tgdd.vn/Products/Images/42/258047/samsung-galaxy-z-flip4-230922-100420.jpg\" style=\"margin: 0px; padding: 0px; transition: all 0.2s ease 0s; color: rgb(47, 128, 237); cursor: default;\"></a></p><p style=\"margin-right: 0px; margin-bottom: 10px; margin-left: 0px; padding: 0px; margin-block: 0px; text-rendering: geometricprecision; line-height: 1.5; color: rgb(51, 51, 51); font-family: Arial, Helvetica, sans-serif; text-align: justify;\">Tuy nhiên khả năng thu sáng của máy theo mình cảm nhận là chưa được tốt cho lắm, nhìn tổng quan vẫn còn khá tối ở những vùng thiếu sáng.</p><h3 style=\"margin: 20px 0px 15px; padding: 0px; font-variant-numeric: normal; font-variant-east-asian: normal; font-weight: bold; font-stretch: normal; font-size: 20px; line-height: 28px; font-family: Arial, Helvetica, sans-serif; color: rgb(51, 51, 51); outline: none; text-align: justify;\">Sức mạnh đáng kinh ngạc đến từ Qualcomm</h3><p style=\"margin-right: 0px; margin-bottom: 10px; margin-left: 0px; padding: 0px; margin-block: 0px; text-rendering: geometricprecision; line-height: 1.5; color: rgb(51, 51, 51); font-family: Arial, Helvetica, sans-serif; text-align: justify;\">Trang bị trên chiếc flagship này là một bộ vi xử lý cao cấp mới nhất đến từ nhà Qualcomm với tên gọi Snapdragon 8+ Gen 1 và xung nhịp tối đa đạt vào khoảng 3.18 GHz. Mình có test qua một vài phần mềm chấm điểm hiệu năng với những con số sau khi đo được như sau: 1283 (đơn nhân), 3748 (đa nhân) trên Benchmark và 14223 trên PCMark, quả là một con số quá kinh khủng trên giới smartphone.</p><p style=\"margin-right: 0px; margin-bottom: 10px; margin-left: 0px; padding: 0px; margin-block: 0px; text-rendering: geometricprecision; line-height: 1.5; color: rgb(51, 51, 51); font-family: Arial, Helvetica, sans-serif; text-align: justify;\"><a class=\"preventdefault\" href=\"https://cdn.tgdd.vn/Products/Images/42/258047/samsung-galaxy-z-flip4-230922-100422.jpg\" style=\"margin: 0px; padding: 0px; transition: all 0.2s ease 0s; color: rgb(47, 128, 237); cursor: default;\"></a></p><p style=\"margin-right: 0px; margin-bottom: 10px; margin-left: 0px; padding: 0px; margin-block: 0px; text-rendering: geometricprecision; line-height: 1.5; font-family: Arial, Helvetica, sans-serif; text-align: justify;\"><font color=\"#333333\">Đi kèm với CPU mạnh mẽ thì đây cũng là chiếc </font><font style=\"\" color=\"#000000\"><span style=\"transition-duration: 0.2s; transition-property: all; background-color: rgb(255, 255, 255);\">điện thoại RAM 8 GB</span></font><font color=\"#333333\">* chạy trên hệ điều hành Android 12 và được tùy biến riêng theo nhà Samsung, giúp mang lại một giao diện đẹp mắt cũng như nâng cao trải nghiệm trên một chiếc </font><font color=\"#2f80ed\" style=\"color: rgb(51, 51, 51);\"><span style=\"transition-duration: 0.2s; transition-property: all;\">điện thoại chơi game</span></font><font color=\"#333333\">.</font></p><p style=\"margin-right: 0px; margin-bottom: 10px; margin-left: 0px; padding: 0px; margin-block: 0px; text-rendering: geometricprecision; line-height: 1.5; color: rgb(51, 51, 51); font-family: Arial, Helvetica, sans-serif; text-align: justify;\"><a class=\"preventdefault\" href=\"https://cdn.tgdd.vn/Products/Images/42/258047/samsung-galaxy-z-flip4-230922-100423.jpg\" style=\"margin: 0px; padding: 0px; transition: all 0.2s ease 0s; color: rgb(47, 128, 237); cursor: default;\"></a></p><p style=\"margin-right: 0px; margin-bottom: 10px; margin-left: 0px; padding: 0px; margin-block: 0px; text-rendering: geometricprecision; line-height: 1.5; color: rgb(51, 51, 51); font-family: Arial, Helvetica, sans-serif; text-align: justify;\"><i style=\"margin: 0px; padding: 0px;\">*Có hỗ trợ tính năng mở rộng RAM lên tới 8 GB</i></p><p style=\"margin-right: 0px; margin-bottom: 10px; margin-left: 0px; padding: 0px; margin-block: 0px; text-rendering: geometricprecision; line-height: 1.5; color: rgb(51, 51, 51); font-family: Arial, Helvetica, sans-serif; text-align: justify;\">Đến với phần trải nghiệm chơi game thì Snapdragon 8+ Gen 1 đã bộc lộ gần như hết sức mạnh của chip, điều này được minh chứng trong lúc mình chơi tựa game Liên Quân Mobile ở mức đồ họa cao nhất. Hình ảnh cho ra phải nói là cực kỳ đã mắt, màu sắc rực rỡ nên mình có thể cảm nhận được vẻ đẹp trên từng hiệu ứng kỹ năng của nhân vật.</p><p style=\"margin-right: 0px; margin-bottom: 10px; margin-left: 0px; padding: 0px; margin-block: 0px; text-rendering: geometricprecision; line-height: 1.5; color: rgb(51, 51, 51); font-family: Arial, Helvetica, sans-serif; text-align: justify;\"><a class=\"preventdefault\" href=\"https://cdn.tgdd.vn/Products/Images/42/258047/samsung-galaxy-z-flip4-230922-100425.jpg\" style=\"margin: 0px; padding: 0px; transition: all 0.2s ease 0s; color: rgb(47, 128, 237); cursor: default;\"></a></p><p style=\"margin-right: 0px; margin-bottom: 10px; margin-left: 0px; padding: 0px; margin-block: 0px; text-rendering: geometricprecision; line-height: 1.5; color: rgb(51, 51, 51); font-family: Arial, Helvetica, sans-serif; text-align: justify;\">Về phần trải nghiệm thì Galaxy Z Flip4 mang đến cho mình một sự ổn định xuyên suốt quá trình chơi, tốc độ khung hình sau khi đo bằng phần mềm thì kết quả được ghi nhận vào khoảng 59.8 FPS.</p><p style=\"margin-right: 0px; margin-bottom: 10px; margin-left: 0px; padding: 0px; margin-block: 0px; text-rendering: geometricprecision; line-height: 1.5; color: rgb(51, 51, 51); font-family: Arial, Helvetica, sans-serif; text-align: justify;\"><a class=\"preventdefault\" href=\"https://cdn.tgdd.vn/Products/Images/42/258047/samsung-galaxy-z-flip4-230922-100427.jpg\" style=\"margin: 0px; padding: 0px; transition: all 0.2s ease 0s; color: rgb(47, 128, 237); cursor: default;\"></a></p><p style=\"margin-right: 0px; margin-bottom: 10px; margin-left: 0px; padding: 0px; margin-block: 0px; text-rendering: geometricprecision; line-height: 1.5; color: rgb(51, 51, 51); font-family: Arial, Helvetica, sans-serif; text-align: justify;\">Còn đối với tựa game PUBG Mobile ở mức đồ họa HDR cùng tốc độ khung hình cực độ, hình ảnh nhân vật và quang cảnh có đổ bóng làm cho mình cảm nhận được sự chân thật trên từng chuyển động. Kèm với đó là sự hỗ trợ đến từ màn hình tần số quét cao nên mọi hiệu ứng di chuyển, giao tranh được xử lý mượt mà hơn rất nhiều.</p><p style=\"margin-right: 0px; margin-bottom: 10px; margin-left: 0px; padding: 0px; margin-block: 0px; text-rendering: geometricprecision; line-height: 1.5; color: rgb(51, 51, 51); font-family: Arial, Helvetica, sans-serif; text-align: justify;\"><a class=\"preventdefault\" href=\"https://cdn.tgdd.vn/Products/Images/42/258047/samsung-galaxy-z-flip4-230922-100428.jpg\" style=\"margin: 0px; padding: 0px; transition: all 0.2s ease 0s; color: rgb(47, 128, 237); cursor: default;\"></a></p><p style=\"margin-right: 0px; margin-bottom: 10px; margin-left: 0px; padding: 0px; margin-block: 0px; text-rendering: geometricprecision; line-height: 1.5; color: rgb(51, 51, 51); font-family: Arial, Helvetica, sans-serif; text-align: justify;\">Cảm nhận về phần nhiệt độ của máy thì mình thấy Galaxy Z Flip4 không thực sự quá nóng khi được trang bị một con chip có hiệu suất khủng, mọi thứ chỉ dừng ở mức ấm tay sau khi mình chơi game tầm 40 - 50 phút liên tục. Còn đối với các tác vụ phổ thông khác thì nhiệt độ của máy gần như không có sự thay đổi so với bình thường.</p><h3 style=\"margin: 20px 0px 15px; padding: 0px; font-variant-numeric: normal; font-variant-east-asian: normal; font-weight: bold; font-stretch: normal; font-size: 20px; line-height: 28px; font-family: Arial, Helvetica, sans-serif; color: rgb(51, 51, 51); outline: none; text-align: justify;\">Hỗ trợ sạc pin nhanh chóng</h3><p style=\"margin-right: 0px; margin-bottom: 10px; margin-left: 0px; padding: 0px; margin-block: 0px; text-rendering: geometricprecision; line-height: 1.5; color: rgb(51, 51, 51); font-family: Arial, Helvetica, sans-serif; text-align: justify;\">Mình đã từng cho rằng viên pin có dung lượng 3700 mAh sẽ không đủ đáp ứng một ngày sử dụng của mình, nhưng sau khi kiểm chứng bằng cách dùng máy liên tục cho mọi tác vụ từ chụp ảnh, xem phim, lướt web và chơi game thì Galaxy Z Flip4 lại có thể đáp ứng thời lượng sử dụng cho tới 6 tiếng 47 phút* rất ấn tượng.</p><p style=\"margin-right: 0px; margin-bottom: 10px; margin-left: 0px; padding: 0px; margin-block: 0px; text-rendering: geometricprecision; line-height: 1.5; color: rgb(51, 51, 51); font-family: Arial, Helvetica, sans-serif; text-align: justify;\"><a class=\"preventdefault\" href=\"https://cdn.tgdd.vn/Products/Images/42/258047/samsung-galaxy-z-flip4-230922-100430.jpg\" style=\"margin: 0px; padding: 0px; transition: all 0.2s ease 0s; color: rgb(47, 128, 237); cursor: default;\"></a></p><p style=\"margin-right: 0px; margin-bottom: 10px; margin-left: 0px; padding: 0px; margin-block: 0px; text-rendering: geometricprecision; line-height: 1.5; color: rgb(51, 51, 51); font-family: Arial, Helvetica, sans-serif; text-align: justify;\"><i style=\"margin: 0px; padding: 0px;\">*Thời gian có thể thay đổi tùy vào tác vụ sử dụng</i></p><p style=\"margin-right: 0px; margin-bottom: 10px; margin-left: 0px; padding: 0px; margin-block: 0px; text-rendering: geometricprecision; line-height: 1.5; font-family: Arial, Helvetica, sans-serif; text-align: justify;\"><font color=\"#333333\">Nhờ có công nghệ sạc nhanh 25 W nên mình chỉ mất khoảng 1 giờ 30 phút* là có thể sạc đầy được viên pin trên Galaxy Z Flip4. Với một vài trường hợp gấp cần sử dụng thì chỉ cần đợi 30 phút là mình đã có ngay 37% pin để sử dụng (tất cả đều sạc khi máy ở trạng thái 0% pin). Thực sự là một chiếc </font><font style=\"\" color=\"#000000\"><span style=\"transition-duration: 0.2s; transition-property: all; background-color: rgb(255, 255, 255);\">điện thoại sạc pin nhanh</span></font><font color=\"#333333\"> đáng sắm để tối ưu công việc nhanh chóng.</font></p><p style=\"margin-right: 0px; margin-bottom: 10px; margin-left: 0px; padding: 0px; margin-block: 0px; text-rendering: geometricprecision; line-height: 1.5; color: rgb(51, 51, 51); font-family: Arial, Helvetica, sans-serif; text-align: justify;\">Chia sẻ pin không dây là tính năng khá tiện lợi đối với một người đang sử dụng một chiếc smartwatch như mình (có hỗ trợ sạc không dây), khi đồng hồ hết pin thì mình chỉ việc đặt thiết bị lên trên mặt lưng của Galaxy Z Flip4 là đã có thể kích hoạt tính năng trên (cần kích hoạt tính năng trước ở trong phần cài đặt).</p><p style=\"margin-right: 0px; margin-bottom: 10px; margin-left: 0px; padding: 0px; margin-block: 0px; text-rendering: geometricprecision; line-height: 1.5; color: rgb(51, 51, 51); font-family: Arial, Helvetica, sans-serif; text-align: justify;\"><a class=\"preventdefault\" href=\"https://cdn.tgdd.vn/Products/Images/42/258047/samsung-galaxy-z-flip4-230922-100432.jpg\" style=\"margin: 0px; padding: 0px; transition: all 0.2s ease 0s; color: rgb(47, 128, 237); cursor: default;\"></a></p><p style=\"margin-right: 0px; margin-bottom: 10px; margin-left: 0px; padding: 0px; margin-block: 0px; text-rendering: geometricprecision; line-height: 1.5; color: rgb(51, 51, 51); font-family: Arial, Helvetica, sans-serif; text-align: justify;\">Là một người dùng trẻ trung năng động hay yêu thích các loại điện thoại dẫn đầu xu hướng thì chiếc Samsung Galaxy Z Flip4 sẽ là cái tên mà bạn không nên bỏ qua, nhờ có cơ chế gập vô cùng độc đáo kèm với bộ thông số kỹ thuật hết sức mạnh mẽ nên máy hứa hẹn sẽ mang đến cho bạn vô vàn trải nghiệm thú vị</p>', 16, 1, 189, 1, 0, 2, 9, '2022-11-17 15:23:53', '2022-12-03 13:05:03'),
(25, 'Xiaomi Redmi Note 11', '\"Xiaomi-redmi-note-11-black-600x6002214.jpeg\"', 50, 4690000, 0, 'AMOLED 6.43\" Full HD+', 'Đen', 'Chính 50 MP & Phụ 8 MP, 2 MP, 2 MP', '13 MP', 'Snapdragon 680', '64GB', '4GB', 'Mạng di động:  Hỗ trợ 4G SIM:  2 Nano SIM Wifi: Wi-Fi DirectWi-Fi 802.11 a/b/g/n/ac GPS: GPS  GALILEO  GLONASS  BEIDOU  Bluetooth: v5.0 Cổng kết nối/sạc:  Type-C Jack tai nghe:  3.5 mm', '5000 mAh 33 W', 'Bảo mật nâng cao:  Mở khoá vân tay cạnh viềnMở khoá khuôn mặt Tính năng đặc biệt:  Loa kép Kháng nước, bụi:  Không có Ghi âm:  Ghi âm mặc định Xem phim:  Có Nghe nhạc:  Có', '<p>1</p>', 16, 1, 179, 1, 0, 4, 2, '2022-11-19 17:37:00', '2022-12-03 13:01:09'),
(26, 'IPhone 14 Pro', '\"iphone-14-pro-tim-thumb-600x6008861.jpg\"', 48, 30990000, 30590000, 'OLED6.1\"Super Retina XDR', 'Đen', 'Chính 48 MP & Phụ 12 MP, 12 MP', '12 MP', 'Apple A16 Bionic', '128GB', '6GB', 'Mạng di động:  Hỗ trợ 5G SIM:  1 Nano SIM & 1 eSIM Wifi: Wi-Fi 802.11 a/b/g/n/ac/ax  Wi-Fi hotspot  Wi-Fi MIMO  GPS: GPS  GALILEO  GLONASS  QZSS  BEIDOU  Bluetooth: v5.3 Cổng kết nối/sạc:  Lightning Jack tai nghe:  Lightning Kết nối khác:  NFC', '3200 mAh20 W', 'Bảo mật nâng cao:  Mở khoá khuôn mặt Face ID Tính năng đặc biệt:  Màn hình luôn hiển thị AOD  Chạm 2 lần sáng màn hình  Loa kép  Apple Pay  Phát hiện va chạm (Crash Detection)  Kháng nước, bụi:  IP68 Ghi âm:  Ghi âm mặc định Xem phim:  H.264(MPEG4-AVC) Nghe nhạc:  AAC  MP3  FLAC', '<p>1</p>', 15, 1, 206, 1, 0, 1, 6, '2022-11-20 07:49:27', '2022-12-03 12:53:34');
INSERT INTO `products` (`id`, `title`, `image`, `number`, `price`, `price_sale`, `manhinh`, `mausac`, `camera_sau`, `camera_truoc`, `cpu`, `bonho`, `ram`, `ketnoi`, `pin_sac`, `tienich`, `thongtin_chung`, `height`, `length`, `weight`, `width`, `status`, `brand_id`, `category_id`, `created_at`, `updated_at`) VALUES
(27, 'OPPO Reno8 Pro 5G', '\"oppo-reno8-pro-thumb-xanh-1-600x6002441.jpg\"', 50, 19000000, 0, 'AMOLED 6.7\" Full HD+', 'Xanh', 'Chính 50 MP & Phụ 8 MP, 2 MP', '32 MP', 'MediaTek Dimensity 8100 Max 8 nhân', '256GB', '12GB', '2 Nano SIM Hỗ trợ 5G', '4500 mAh 80 W', 'Bảo mật nâng cao:  Mở khoá khuôn mặtMở khoá vân tay dưới màn hình Tính năng đặc biệt:  Màn hình luôn hiển thị AOD  Chế độ đơn giản (Giao diện đơn giản)  Chạm 2 lần tắt/sáng màn hình  Ứng dụng kép (Nhân bản ứng dụng)  Vẽ lên màn hình để mở nhanh ứng dụng  Chặn cuộc gọi  Chặn tin nhắn  Chế độ trẻ em (Không gian trẻ em)  Loa kép  Trợ lý ảo Google Assistant  Cử chỉ màn hình tắt  Không gian thứ hai  Tích hợp NPU MariSilicon X  Mở rộng bộ nhớ RAM  Kháng nước, bụi:  IP54 Ghi âm:  Ghi âm mặc địnhGhi âm cuộc gọi Xem phim:  AVIMP4 Nghe nhạc:  FLAC  OGG  MP3  Midi', '<h3 style=\"margin: 20px 0px 15px; padding: 0px; font-variant-numeric: normal; font-variant-east-asian: normal; font-weight: bold; font-stretch: normal; font-size: 20px; line-height: 28px; font-family: Arial, Helvetica, sans-serif; outline: none; text-align: justify;\"><font style=\"\" color=\"#000000\"><span style=\"transition-duration: 0.2s; transition-property: all; font-stretch: normal; line-height: 18px; outline-color: initial; outline-width: initial; background-color: rgb(255, 255, 255);\">OPPO Reno8 Pro 5G</span></font><font color=\"#333333\">&nbsp;là chiếc điện thoại cao cấp được nhà OPPO ra mắt vào thời điểm 09/2022, máy hướng đến sự hoàn thiện cao cấp ở phần thiết kế cùng khả năng quay chụp chuyên nghiệp nhờ trang bị vi xử lý hình ảnh MariSilicon X chuyên dụng.</font></h3><h3 style=\"margin: 20px 0px 15px; padding: 0px; font-variant-numeric: normal; font-variant-east-asian: normal; font-weight: bold; font-stretch: normal; font-size: 20px; line-height: 28px; font-family: Arial, Helvetica, sans-serif; color: rgb(51, 51, 51); outline: none; text-align: justify;\">Dáng vẻ cao cấp sang trọng</h3><p style=\"margin-right: 0px; margin-bottom: 10px; margin-left: 0px; padding: 0px; margin-block: 0px; text-rendering: geometricprecision; line-height: 1.5; font-family: Arial, Helvetica, sans-serif; text-align: justify;\"><font color=\"#000000\" style=\"background-color: rgb(255, 255, 255);\">Lần này nhà OPPO mang đến cho chúng ta một chiếc điện thoại có thiết kế đặc biệt, máy sở hữu một diện mạo khác hẳn với những chiếc&nbsp;<font style=\"\"><span style=\"transition-duration: 0.2s; transition-property: all;\">điện thoại OPPO Reno</span></font>&nbsp;trước đây, cách thiết kế này đã làm mình liên tưởng đến chiếc&nbsp;<font style=\"\"><span style=\"transition-duration: 0.2s; transition-property: all;\">OPPO Find X5 Pro</span></font>&nbsp;được ra mắt trước đó.</font></p><p style=\"margin-right: 0px; margin-bottom: 10px; margin-left: 0px; padding: 0px; margin-block: 0px; text-rendering: geometricprecision; line-height: 1.5; color: rgb(51, 51, 51); font-family: Arial, Helvetica, sans-serif; text-align: justify;\"><br></p><p style=\"margin-right: 0px; margin-bottom: 10px; margin-left: 0px; padding: 0px; margin-block: 0px; text-rendering: geometricprecision; line-height: 1.5; color: rgb(51, 51, 51); font-family: Arial, Helvetica, sans-serif; text-align: justify;\">Mặt lưng của điện thoại làm từ kính và được hoàn thiện bóng giúp máy trở nên nổi bật hơn, phần này bóng bẩy đến mức mình có thể soi gương một cách trực tiếp đối với phiên bản màu đen.&nbsp;<span style=\"margin: 0px; padding: 0px;\">Tuy nhiên đây cũng có thể coi như một điểm hạn chế bởi mặt lưng máy khá dễ bám dấu vân tay.</span></p><p style=\"margin-right: 0px; margin-bottom: 10px; margin-left: 0px; padding: 0px; margin-block: 0px; text-rendering: geometricprecision; line-height: 1.5; color: rgb(51, 51, 51); font-family: Arial, Helvetica, sans-serif; text-align: justify;\"><a class=\"preventdefault\" href=\"https://cdn.tgdd.vn/Products/Images/42/260546/oppo-reno8-pro-291122-094241.jpg\" style=\"margin: 0px; padding: 0px; transition: all 0.2s ease 0s; color: rgb(47, 128, 237); cursor: default;\"></a></p><p style=\"margin-right: 0px; margin-bottom: 10px; margin-left: 0px; padding: 0px; margin-block: 0px; text-rendering: geometricprecision; line-height: 1.5; color: rgb(51, 51, 51); font-family: Arial, Helvetica, sans-serif; text-align: justify;\">Mặt lưng của Reno8 Pro chính là kính cường lực Gorilla Glass 5, loại vật liệu này có khả năng hạn chế xước khá tốt giúp cho phần mặt lưng máy được trở nên bền bỉ hơn.</p><p style=\"margin-right: 0px; margin-bottom: 10px; margin-left: 0px; padding: 0px; margin-block: 0px; text-rendering: geometricprecision; line-height: 1.5; color: rgb(51, 51, 51); font-family: Arial, Helvetica, sans-serif; text-align: justify;\"><a class=\"preventdefault\" href=\"https://cdn.tgdd.vn/Products/Images/42/260546/oppo-reno8-pro-291122-093906.jpg\" style=\"margin: 0px; padding: 0px; transition: all 0.2s ease 0s; color: rgb(47, 128, 237); cursor: default;\"></a></p><p style=\"margin-right: 0px; margin-bottom: 10px; margin-left: 0px; padding: 0px; margin-block: 0px; text-rendering: geometricprecision; line-height: 1.5; color: rgb(51, 51, 51); font-family: Arial, Helvetica, sans-serif; text-align: justify;\">Điểm mình ấn tượng nhất ở phần thiết kế là tạo hình bo cong tại vị trí tiếp giáp giữa mặt lưng và cụm camera. Điều này giúp cho máy có được cái nhìn liền mạch và đồng nhất hơn, cảm giác như máy được đúc từ một khối, nhìn cực kỳ chắc chắn.</p><p style=\"margin-right: 0px; margin-bottom: 10px; margin-left: 0px; padding: 0px; margin-block: 0px; text-rendering: geometricprecision; line-height: 1.5; color: rgb(51, 51, 51); font-family: Arial, Helvetica, sans-serif; text-align: justify;\"><a class=\"preventdefault\" href=\"https://cdn.tgdd.vn/Products/Images/42/260546/oppo-reno8-pro-291122-093912.jpg\" style=\"margin: 0px; padding: 0px; transition: all 0.2s ease 0s; color: rgb(47, 128, 237); cursor: default;\"></a></p><p style=\"margin-right: 0px; margin-bottom: 10px; margin-left: 0px; padding: 0px; margin-block: 0px; text-rendering: geometricprecision; line-height: 1.5; font-family: Arial, Helvetica, sans-serif; text-align: justify;\"><font color=\"#333333\">Bên cạnh đó bộ khung của chiếc&nbsp;</font><font style=\"\" color=\"#000000\"><span style=\"transition-duration: 0.2s; transition-property: all; background-color: rgb(255, 255, 255);\">điện thoại OPPO</span></font><font color=\"#333333\">&nbsp;này&nbsp;còn&nbsp;được hoàn thiện từ kim loại giúp cho Reno8 Pro tăng thêm phần bền bỉ, giúp cố định phần thân máy được tốt hơn.</font></p><p style=\"margin-right: 0px; margin-bottom: 10px; margin-left: 0px; padding: 0px; margin-block: 0px; text-rendering: geometricprecision; line-height: 1.5; color: rgb(51, 51, 51); font-family: Arial, Helvetica, sans-serif; text-align: justify;\"><a class=\"preventdefault\" href=\"https://cdn.tgdd.vn/Products/Images/42/260546/oppo-reno8-pro-291122-093914.jpg\" style=\"margin: 0px; padding: 0px; transition: all 0.2s ease 0s; color: rgb(47, 128, 237); cursor: default;\"></a></p><p style=\"margin-right: 0px; margin-bottom: 10px; margin-left: 0px; padding: 0px; margin-block: 0px; text-rendering: geometricprecision; line-height: 1.5; color: rgb(51, 51, 51); font-family: Arial, Helvetica, sans-serif; text-align: justify;\">Đến phần mặt trước, OPPO trang bị một màn hình có thiết kế dạng đục lỗ và được hoàn thiện phẳng, so với những dòng Reno trước đây thì Reno8 Pro được xem như thiết bị có viền mỏng nhất mà mình từng sử dụng.</p><p style=\"margin-right: 0px; margin-bottom: 10px; margin-left: 0px; padding: 0px; margin-block: 0px; text-rendering: geometricprecision; line-height: 1.5; color: rgb(51, 51, 51); font-family: Arial, Helvetica, sans-serif; text-align: justify;\"><a class=\"preventdefault\" href=\"https://cdn.tgdd.vn/Products/Images/42/260546/oppo-reno8-pro-291122-093915.jpg\" style=\"margin: 0px; padding: 0px; transition: all 0.2s ease 0s; color: rgb(47, 128, 237); cursor: default;\"></a></p><p style=\"margin-right: 0px; margin-bottom: 10px; margin-left: 0px; padding: 0px; margin-block: 0px; text-rendering: geometricprecision; line-height: 1.5; color: rgb(51, 51, 51); font-family: Arial, Helvetica, sans-serif; text-align: justify;\">Viền màn hình trên Reno8 Pro có kích thước gần như bằng nhau, điều này giúp màn hình trở nên cân đối hơn, cảm giác khi mình nhìn vào rất dễ chịu, xem phim hay chơi game cũng vô cùng đã mắt.</p><h3 style=\"margin: 20px 0px 15px; padding: 0px; font-variant-numeric: normal; font-variant-east-asian: normal; font-weight: bold; font-stretch: normal; font-size: 20px; line-height: 28px; font-family: Arial, Helvetica, sans-serif; color: rgb(51, 51, 51); outline: none; text-align: justify;\">Chụp ảnh chất lượng hơn thông qua NPU MariSilicon X</h3><p style=\"margin-right: 0px; margin-bottom: 10px; margin-left: 0px; padding: 0px; margin-block: 0px; text-rendering: geometricprecision; line-height: 1.5; color: rgb(51, 51, 51); font-family: Arial, Helvetica, sans-serif; text-align: justify;\">Trước khi đi vào trọng tâm phần trải nghiệm thì mình cũng điểm sơ qua phần thông số camera của Reno8 Pro, máy tích hợp 3 camera với camera chính&nbsp;<span style=\"margin: 0px; padding: 0px;\">độ phân giải&nbsp;</span>50 MP, cảm biến góc siêu rộng 8 MP và cuối cùng là ống kính macro 2 MP. Ngoài ra bên trong máy còn được hỗ trợ chip xử lý hình ảnh MariSilicon X với khả năng tái tạo màu chân thực và xử lý ảnh chụp được sắc nét hơn.</p><p style=\"margin-right: 0px; margin-bottom: 10px; margin-left: 0px; padding: 0px; margin-block: 0px; text-rendering: geometricprecision; line-height: 1.5; color: rgb(51, 51, 51); font-family: Arial, Helvetica, sans-serif; text-align: justify;\"><br></p><p style=\"margin-right: 0px; margin-bottom: 10px; margin-left: 0px; padding: 0px; margin-block: 0px; text-rendering: geometricprecision; line-height: 1.5; color: rgb(51, 51, 51); font-family: Arial, Helvetica, sans-serif; text-align: justify;\"><a class=\"preventdefault\" href=\"https://cdn.tgdd.vn/Products/Images/42/260546/oppo-reno8-pro-291122-093910.jpg\" style=\"margin: 0px; padding: 0px; transition: all 0.2s ease 0s; color: rgb(47, 128, 237); cursor: default;\"></a></p><p style=\"margin-right: 0px; margin-bottom: 10px; margin-left: 0px; padding: 0px; margin-block: 0px; text-rendering: geometricprecision; line-height: 1.5; color: rgb(51, 51, 51); font-family: Arial, Helvetica, sans-serif; text-align: justify;\">Đến với chế độ tự động, chất lượng ảnh cho ra có độ chi tiết tốt, màu sắc tương đối rực rỡ giúp cho bức ảnh trở nên sinh động hơn. Ảnh khi zoom lên không bị bể quá nhiều giúp cho mình có thể dễ dàng thay đổi khung hình theo ý thích mà không quá lo lắng đến việc chất lượng ảnh bị giảm đi nhiều.</p><p style=\"margin-right: 0px; margin-bottom: 10px; margin-left: 0px; padding: 0px; margin-block: 0px; text-rendering: geometricprecision; line-height: 1.5; color: rgb(51, 51, 51); font-family: Arial, Helvetica, sans-serif; text-align: justify;\"><a class=\"preventdefault\" href=\"https://cdn.tgdd.vn/Products/Images/42/260546/oppo-reno8-pro-.jpg\" style=\"margin: 0px; padding: 0px; transition: all 0.2s ease 0s; color: rgb(47, 128, 237); cursor: default;\"></a></p><p style=\"margin-right: 0px; margin-bottom: 10px; margin-left: 0px; padding: 0px; margin-block: 0px; text-rendering: geometricprecision; line-height: 1.5; color: rgb(51, 51, 51); font-family: Arial, Helvetica, sans-serif; text-align: justify;\"><a class=\"preventdefault\" href=\"https://cdn.tgdd.vn/Products/Images/42/260546/oppo-reno8-pro-291122-093919.jpg\" style=\"margin: 0px; padding: 0px; transition: all 0.2s ease 0s; color: rgb(47, 128, 237); cursor: default;\"></a></p><p style=\"margin-right: 0px; margin-bottom: 10px; margin-left: 0px; padding: 0px; margin-block: 0px; text-rendering: geometricprecision; line-height: 1.5; color: rgb(51, 51, 51); font-family: Arial, Helvetica, sans-serif; text-align: justify;\">Khi chụp ở những môi trường âm u không có quá nhiều ánh sáng mà bức ảnh vẫn trông rất hài hòa và đẹp mắt, máy sẽ tự động cân bằng và tăng độ sáng giúp cho bức hình không bị quá tối so với thực tế.</p><p style=\"margin-right: 0px; margin-bottom: 10px; margin-left: 0px; padding: 0px; margin-block: 0px; text-rendering: geometricprecision; line-height: 1.5; color: rgb(51, 51, 51); font-family: Arial, Helvetica, sans-serif; text-align: justify;\"><a class=\"preventdefault\" href=\"https://cdn.tgdd.vn/Products/Images/42/260546/oppo-reno8-pro-4.jpg\" style=\"margin: 0px; padding: 0px; transition: all 0.2s ease 0s; color: rgb(47, 128, 237); cursor: default;\"></a></p><p style=\"margin-right: 0px; margin-bottom: 10px; margin-left: 0px; padding: 0px; margin-block: 0px; text-rendering: geometricprecision; line-height: 1.5; color: rgb(51, 51, 51); font-family: Arial, Helvetica, sans-serif; text-align: justify;\"><a class=\"preventdefault\" href=\"https://cdn.tgdd.vn/Products/Images/42/260546/oppo-reno8-pro-291122-093922.jpg\" style=\"margin: 0px; padding: 0px; transition: all 0.2s ease 0s; color: rgb(47, 128, 237); cursor: default;\"></a></p><p style=\"margin-right: 0px; margin-bottom: 10px; margin-left: 0px; padding: 0px; margin-block: 0px; text-rendering: geometricprecision; line-height: 1.5; color: rgb(51, 51, 51); font-family: Arial, Helvetica, sans-serif; text-align: justify;\">Ở những khung cảnh có nhiều chi tiết nhỏ thì máy cũng có thể thu lại một cách rõ ràng mà không hề lạm dụng vào AI để làm giả chi tiết.</p><p style=\"margin-right: 0px; margin-bottom: 10px; margin-left: 0px; padding: 0px; margin-block: 0px; text-rendering: geometricprecision; line-height: 1.5; color: rgb(51, 51, 51); font-family: Arial, Helvetica, sans-serif; text-align: justify;\"><a class=\"preventdefault\" href=\"https://cdn.tgdd.vn/Products/Images/42/260546/oppo-reno8-pro-291122-093926.jpg\" style=\"margin: 0px; padding: 0px; transition: all 0.2s ease 0s; color: rgb(47, 128, 237); cursor: default;\"></a></p><p style=\"margin-right: 0px; margin-bottom: 10px; margin-left: 0px; padding: 0px; margin-block: 0px; text-rendering: geometricprecision; line-height: 1.5; color: rgb(51, 51, 51); font-family: Arial, Helvetica, sans-serif; text-align: justify;\">Ảnh chụp ở trong nhà khi không có quá nhiều ánh sáng nhưng chất lượng cho ra vẫn rất ổn áp, màu ảnh có độ trong trẻo nên khi nhìn vào rất thích mắt, hiện tượng nhiễu hạt cũng không thấy xuất hiện trên các bức ảnh mà mình đã chụp (không zoom).</p><p style=\"margin-right: 0px; margin-bottom: 10px; margin-left: 0px; padding: 0px; margin-block: 0px; text-rendering: geometricprecision; line-height: 1.5; color: rgb(51, 51, 51); font-family: Arial, Helvetica, sans-serif; text-align: justify;\"><a class=\"preventdefault\" href=\"https://cdn.tgdd.vn/Products/Images/42/260546/oppo-reno8-pro-291122-093928.jpg\" style=\"margin: 0px; padding: 0px; transition: all 0.2s ease 0s; color: rgb(47, 128, 237); cursor: default;\"></a></p><p style=\"margin-right: 0px; margin-bottom: 10px; margin-left: 0px; padding: 0px; margin-block: 0px; text-rendering: geometricprecision; line-height: 1.5; color: rgb(51, 51, 51); font-family: Arial, Helvetica, sans-serif; text-align: justify;\"><a class=\"preventdefault\" href=\"https://cdn.tgdd.vn/Products/Images/42/260546/oppo-reno8-pro-6.jpg\" style=\"margin: 0px; padding: 0px; transition: all 0.2s ease 0s; color: rgb(47, 128, 237); cursor: default;\"></a></p><p style=\"margin-right: 0px; margin-bottom: 10px; margin-left: 0px; padding: 0px; margin-block: 0px; text-rendering: geometricprecision; line-height: 1.5; color: rgb(51, 51, 51); font-family: Arial, Helvetica, sans-serif; text-align: justify;\"><a class=\"preventdefault\" href=\"https://cdn.tgdd.vn/Products/Images/42/260546/oppo-reno8-pro-291122-093931.jpg\" style=\"margin: 0px; padding: 0px; transition: all 0.2s ease 0s; color: rgb(47, 128, 237); cursor: default;\"></a></p><h3 style=\"margin: 20px 0px 15px; padding: 0px; font-variant-numeric: normal; font-variant-east-asian: normal; font-weight: bold; font-stretch: normal; font-size: 20px; line-height: 28px; font-family: Arial, Helvetica, sans-serif; color: rgb(51, 51, 51); outline: none; text-align: justify;\">Hiệu năng mạnh mẽ trong phân khúc</h3><p style=\"margin-right: 0px; margin-bottom: 10px; margin-left: 0px; padding: 0px; margin-block: 0px; text-rendering: geometricprecision; line-height: 1.5; color: rgb(51, 51, 51); font-family: Arial, Helvetica, sans-serif; text-align: justify;\">Bên cạnh sự ra mắt của Reno8 Pro thì lần này chúng ta còn được chứng kiến sức mạnh của con chip Dimensity 8100 Max khi lần đầu tiên có mặt trên smartphone. Chip được nhà MediaTek truyền thông khá nhiều về mặt hiệu năng cùng khả năng tối ưu được lượng điện tiêu thụ, bên cạnh đó vi xử này còn giúp giảm hiện tượng quá nhiệt cho smartphone để mang đến quá trình trải nghiệm tốt nhất.</p><p style=\"margin-right: 0px; margin-bottom: 10px; margin-left: 0px; padding: 0px; margin-block: 0px; text-rendering: geometricprecision; line-height: 1.5; color: rgb(51, 51, 51); font-family: Arial, Helvetica, sans-serif; text-align: justify;\"><a class=\"preventdefault\" href=\"https://cdn.tgdd.vn/Products/Images/42/260546/oppo-reno8-pro-291122-093933.jpg\" style=\"margin: 0px; padding: 0px; transition: all 0.2s ease 0s; color: rgb(47, 128, 237); cursor: default;\"></a></p><p style=\"margin-right: 0px; margin-bottom: 10px; margin-left: 0px; padding: 0px; margin-block: 0px; text-rendering: geometricprecision; line-height: 1.5; font-family: Arial, Helvetica, sans-serif; text-align: justify;\"><font color=\"#333333\">Dimensity 8100 Max đã vượt qua bài kiểm tra hiệu năng của mình một cách xuất sắc khi mức điểm cho ra khá cao, theo mình đánh giá thì đây là kết quả mà ít có&nbsp;</font><font style=\"\" color=\"#000000\"><span style=\"transition-duration: 0.2s; transition-property: all; background-color: rgb(255, 255, 255);\">điện thoại Android</span></font><font color=\"#333333\">&nbsp;nào trong cùng phân khúc có được với điểm số cụ thể như sau: 884 (đơn nhân), 3299 (đa nhân) trên Benchmark và 11445 trên PCMark.</font></p><p style=\"margin-right: 0px; margin-bottom: 10px; margin-left: 0px; padding: 0px; margin-block: 0px; text-rendering: geometricprecision; line-height: 1.5; color: rgb(51, 51, 51); font-family: Arial, Helvetica, sans-serif; text-align: justify;\"><a class=\"preventdefault\" href=\"https://cdn.tgdd.vn/Products/Images/42/260546/oppo-reno8-pro-291122-093935.jpg\" style=\"margin: 0px; padding: 0px; transition: all 0.2s ease 0s; color: rgb(47, 128, 237); cursor: default;\"></a></p><p style=\"margin-right: 0px; margin-bottom: 10px; margin-left: 0px; padding: 0px; margin-block: 0px; text-rendering: geometricprecision; line-height: 1.5; color: rgb(51, 51, 51); font-family: Arial, Helvetica, sans-serif; text-align: justify;\">Khả năng xử lý những tựa game đồ họa cao cũng được Reno8 Pro \"cân\" một cách dễ dàng. Đầu tiên là Liên Quân Mobile với mức cài đặt cấu hình cao, hình ảnh mà máy mang tới hết sức đẹp mắt, không có gì để chê khi máy hiển thị.</p><p style=\"margin-right: 0px; margin-bottom: 10px; margin-left: 0px; padding: 0px; margin-block: 0px; text-rendering: geometricprecision; line-height: 1.5; color: rgb(51, 51, 51); font-family: Arial, Helvetica, sans-serif; text-align: justify;\"><a class=\"preventdefault\" href=\"https://cdn.tgdd.vn/Products/Images/42/260546/oppo-reno8-pro-291122-093937.jpg\" style=\"margin: 0px; padding: 0px; transition: all 0.2s ease 0s; color: rgb(47, 128, 237); cursor: default;\"></a></p><p style=\"margin-right: 0px; margin-bottom: 10px; margin-left: 0px; padding: 0px; margin-block: 0px; text-rendering: geometricprecision; line-height: 1.5; color: rgb(51, 51, 51); font-family: Arial, Helvetica, sans-serif; text-align: justify;\">Tốc độ khung hình ở tựa game này dao động trong khoảng 58.8 FPS, biểu đồ không xảy ra tình trạng drop FPS sâu giúp cho việc giật lag được hạn chế.</p><p style=\"margin-right: 0px; margin-bottom: 10px; margin-left: 0px; padding: 0px; margin-block: 0px; text-rendering: geometricprecision; line-height: 1.5; color: rgb(51, 51, 51); font-family: Arial, Helvetica, sans-serif; text-align: justify;\"><a class=\"preventdefault\" href=\"https://cdn.tgdd.vn/Products/Images/42/260546/oppo-reno8-pro-291122-093939.jpg\" style=\"margin: 0px; padding: 0px; transition: all 0.2s ease 0s; color: rgb(47, 128, 237); cursor: default;\"></a></p><p style=\"margin-right: 0px; margin-bottom: 10px; margin-left: 0px; padding: 0px; margin-block: 0px; text-rendering: geometricprecision; line-height: 1.5; color: rgb(51, 51, 51); font-family: Arial, Helvetica, sans-serif; text-align: justify;\">Chuyển qua tựa game PUBG Mobile với mức đồ họa HDR và tốc độ khung hình cực độ, FPS đo được vào khoảng 59.4, mọi thao tác từ bắn súng cho tới di chuyển thì máy gần như mang đến sự mượt mà và được duy trì ổn định xuyên suốt ván đấu.&nbsp;</p><p style=\"margin-right: 0px; margin-bottom: 10px; margin-left: 0px; padding: 0px; margin-block: 0px; text-rendering: geometricprecision; line-height: 1.5; color: rgb(51, 51, 51); font-family: Arial, Helvetica, sans-serif; text-align: justify;\"><a class=\"preventdefault\" href=\"https://cdn.tgdd.vn/Products/Images/42/260546/oppo-reno8-pro-291122-093942.jpg\" style=\"margin: 0px; padding: 0px; transition: all 0.2s ease 0s; color: rgb(47, 128, 237); cursor: default;\"></a></p><p style=\"margin-right: 0px; margin-bottom: 10px; margin-left: 0px; padding: 0px; margin-block: 0px; text-rendering: geometricprecision; line-height: 1.5; color: rgb(51, 51, 51); font-family: Arial, Helvetica, sans-serif; text-align: justify;\">Ngoài ra Reno8 Pro còn hỗ trợ mức đồ họa tối đa đối với tựa game PUBG Mobile này là Ultra HD và tốc độ khung hình cực cao, tuy nhiên khi chơi game ở mức đồ họa này thì máy phải xử lý hình ảnh nhiều hơn nên sẽ xảy ra tình trạng giật, pin cũng tụt nhanh hơn. Vậy nên những bạn yêu thích sự ổn định thì HDR được xem như chuẩn màn hình phù hợp mà mình đề xuất cho các bạn.</p><p style=\"margin-right: 0px; margin-bottom: 10px; margin-left: 0px; padding: 0px; margin-block: 0px; text-rendering: geometricprecision; line-height: 1.5; color: rgb(51, 51, 51); font-family: Arial, Helvetica, sans-serif; text-align: justify;\"><a class=\"preventdefault\" href=\"https://cdn.tgdd.vn/Products/Images/42/260546/oppo-reno8-pro-291122-093944.jpg\" style=\"margin: 0px; padding: 0px; transition: all 0.2s ease 0s; color: rgb(47, 128, 237); cursor: default;\"></a></p><p style=\"margin-right: 0px; margin-bottom: 10px; margin-left: 0px; padding: 0px; margin-block: 0px; text-rendering: geometricprecision; line-height: 1.5; color: rgb(51, 51, 51); font-family: Arial, Helvetica, sans-serif; text-align: justify;\">Tuy nhiên khi sử dụng bằng kết nối mạng di động thì máy ấm lên khá nhanh, chỉ trong 40 phút chơi là mình đã bắt đầu cảm nhận được sự thay đổi về nhiệt độ trên phần mặt lưng, nhưng bởi vì làm từ kính nên lượng nhiệt hấp thụ vào cũng không quá nhiều, điều này giúp mình không cảm thấy quá khó chịu mỗi khi chơi game.</p><p style=\"margin-right: 0px; margin-bottom: 10px; margin-left: 0px; padding: 0px; margin-block: 0px; text-rendering: geometricprecision; line-height: 1.5; font-family: Arial, Helvetica, sans-serif; text-align: justify;\"><font color=\"#333333\">Bên cạnh đó Reno8 Pro 5G còn là&nbsp;</font><font style=\"\" color=\"#000000\"><span style=\"transition-duration: 0.2s; transition-property: all; background-color: rgb(255, 255, 255);\">điện thoại RAM 12 GB</span></font><font color=\"#333333\">&nbsp;và được hỗ trợ mở rộng 7 GB từ bộ nhớ trong, nhờ vậy mà khi thao tác đa nhiệm cũng được mượt mà hơn, mở đồng thời nhiều ứng dụng cùng lúc thì máy cũng có thể dễ dàng xử lý.</font></p><p style=\"margin-right: 0px; margin-bottom: 10px; margin-left: 0px; padding: 0px; margin-block: 0px; text-rendering: geometricprecision; line-height: 1.5; color: rgb(51, 51, 51); font-family: Arial, Helvetica, sans-serif; text-align: justify;\"><a class=\"preventdefault\" href=\"https://cdn.tgdd.vn/Products/Images/42/260546/oppo-reno8-pro-291122-093940.jpg\" style=\"margin: 0px; padding: 0px; transition: all 0.2s ease 0s; color: rgb(47, 128, 237); cursor: default;\"></a></p><h3 style=\"margin: 20px 0px 15px; padding: 0px; font-variant-numeric: normal; font-variant-east-asian: normal; font-weight: bold; font-stretch: normal; font-size: 20px; line-height: 28px; font-family: Arial, Helvetica, sans-serif; color: rgb(51, 51, 51); outline: none; text-align: justify;\">Màn hình cao cấp kích thước lớn</h3><p style=\"margin-right: 0px; margin-bottom: 10px; margin-left: 0px; padding: 0px; margin-block: 0px; text-rendering: geometricprecision; line-height: 1.5; color: rgb(51, 51, 51); font-family: Arial, Helvetica, sans-serif; text-align: justify;\">OPPO Reno8 Pro được trang bị tấm nền AMOLED 6.7 inch, cho ra không gian hiển thị rộng rãi và màu sắc sinh động, tần số quét 120 Hz thể hiện các chuyển động trên màn hình mượt mà, rất phù hợp dùng để xem phim, chơi game hay theo dõi các chương trình về ẩm thực bởi nội dung mà máy mang lại là vô cùng rực rỡ và thích mắt.</p><p style=\"margin-right: 0px; margin-bottom: 10px; margin-left: 0px; padding: 0px; margin-block: 0px; text-rendering: geometricprecision; line-height: 1.5; color: rgb(51, 51, 51); font-family: Arial, Helvetica, sans-serif; text-align: justify;\"><br></p><p style=\"margin-right: 0px; margin-bottom: 10px; margin-left: 0px; padding: 0px; margin-block: 0px; text-rendering: geometricprecision; line-height: 1.5; color: rgb(51, 51, 51); font-family: Arial, Helvetica, sans-serif; text-align: justify;\"><a class=\"preventdefault\" href=\"https://cdn.tgdd.vn/Products/Images/42/260546/oppo-reno8-pro-291122-093948.jpg\" style=\"margin: 0px; padding: 0px; transition: all 0.2s ease 0s; color: rgb(47, 128, 237); cursor: default;\"></a></p><p style=\"margin-right: 0px; margin-bottom: 10px; margin-left: 0px; padding: 0px; margin-block: 0px; text-rendering: geometricprecision; line-height: 1.5; font-family: Arial, Helvetica, sans-serif; text-align: justify;\"><font color=\"#333333\">Ngoài ra màn hình của Reno8 Pro còn có khả năng tái hiện hình ảnh có chiều sâu nhờ ưu điểm của tấm nền mang lại, bởi loại công nghệ này sẽ tự động ngắt độ sáng của những điểm ảnh đang phụ trách trình chiếu nội dung có màu đen, nhờ vậy mà&nbsp;</font><font style=\"\" color=\"#000000\"><span style=\"transition-duration: 0.2s; transition-property: all;\">điện thoại</span></font><font color=\"#333333\">&nbsp;còn tối ưu được thời lượng pin.</font></p><p style=\"margin-right: 0px; margin-bottom: 10px; margin-left: 0px; padding: 0px; margin-block: 0px; text-rendering: geometricprecision; line-height: 1.5; color: rgb(51, 51, 51); font-family: Arial, Helvetica, sans-serif; text-align: justify;\"><a class=\"preventdefault\" href=\"https://cdn.tgdd.vn/Products/Images/42/260546/oppo-reno8-pro-291122-093950.jpg\" style=\"margin: 0px; padding: 0px; transition: all 0.2s ease 0s; color: rgb(47, 128, 237); cursor: default;\"></a></p><p style=\"margin-right: 0px; margin-bottom: 10px; margin-left: 0px; padding: 0px; margin-block: 0px; text-rendering: geometricprecision; line-height: 1.5; color: rgb(51, 51, 51); font-family: Arial, Helvetica, sans-serif; text-align: justify;\">Bên cạnh đó màn hình còn có độ sáng 800 nits giúp hình ảnh được hiển thị rõ ràng hơn kể cả khi dùng ở ngoài trời nắng. Mình thường xuyên dùng Reno8 Pro để xem bản đồ mỗi khi dạo quanh thành phố, nhờ độ sáng cao nên mình có thể sử dụng điện thoại một cách dễ dàng hơn.</p><h3 style=\"margin: 20px 0px 15px; padding: 0px; font-variant-numeric: normal; font-variant-east-asian: normal; font-weight: bold; font-stretch: normal; font-size: 20px; line-height: 28px; font-family: Arial, Helvetica, sans-serif; color: rgb(51, 51, 51); outline: none; text-align: justify;\">Sạc pin trong tích tắc</h3><p style=\"margin-right: 0px; margin-bottom: 10px; margin-left: 0px; padding: 0px; margin-block: 0px; text-rendering: geometricprecision; line-height: 1.5; font-family: Arial, Helvetica, sans-serif; text-align: justify;\"><font color=\"#333333\">Theo mình thấy thì Reno8 Pro là một chiếc&nbsp;</font><font style=\"\" color=\"#000000\"><span style=\"transition-duration: 0.2s; transition-property: all; background-color: rgb(255, 255, 255);\">điện thoại sạc siêu nhanh</span></font><font color=\"#333333\">&nbsp;ấn tượng, được nhà OPPO trang bị công nghệ SuperVOOC công suất 80 W nên việc lấp đầy viên pin trong thời gian ngắn là điều hết sức dễ dàng. Mình cũng đã kiểm chứng thực tế thì máy chỉ mất đâu đó tầm 37 phút là máy đã có thể sạc đầy từ 0 cho đến 100% pin.</font></p><p style=\"margin-right: 0px; margin-bottom: 10px; margin-left: 0px; padding: 0px; margin-block: 0px; text-rendering: geometricprecision; line-height: 1.5; color: rgb(51, 51, 51); font-family: Arial, Helvetica, sans-serif; text-align: justify;\"><a class=\"preventdefault\" href=\"https://cdn.tgdd.vn/Products/Images/42/260546/oppo-reno8-pro-291122-093953.jpg\" style=\"margin: 0px; padding: 0px; transition: all 0.2s ease 0s; color: rgb(47, 128, 237); cursor: default;\"></a></p><p style=\"margin-right: 0px; margin-bottom: 10px; margin-left: 0px; padding: 0px; margin-block: 0px; text-rendering: geometricprecision; line-height: 1.5; color: rgb(51, 51, 51); font-family: Arial, Helvetica, sans-serif; text-align: justify;\">Và với viên pin có dung lượng 4500 mAh nên mình hoàn toàn có thể an tâm dùng máy để đáp ứng cho công việc và học tập cả ngày. Theo như quá trình mà mình sử dụng trước đó thì Reno8 Pro đáp ứng được thời lượng dùng lên tới 6 tiếng 17 phút.</p><p style=\"margin-right: 0px; margin-bottom: 10px; margin-left: 0px; padding: 0px; margin-block: 0px; text-rendering: geometricprecision; line-height: 1.5; color: rgb(51, 51, 51); font-family: Arial, Helvetica, sans-serif; text-align: justify;\"><a class=\"preventdefault\" href=\"https://cdn.tgdd.vn/Products/Images/42/260546/oppo-reno8-pro-011222-104416.jpg\" style=\"margin: 0px; padding: 0px; transition: all 0.2s ease 0s; color: rgb(47, 128, 237); cursor: default;\"></a></p><p style=\"margin-right: 0px; margin-bottom: 10px; margin-left: 0px; padding: 0px; margin-block: 0px; text-rendering: geometricprecision; line-height: 1.5; color: rgb(51, 51, 51); font-family: Arial, Helvetica, sans-serif; text-align: justify;\">Tuy nhiên lúc đó mình chơi game khá nhiều nên con số chưa thực sự cao cho lắm, với những khách hàng thường sử dụng các tác vụ như xem phim, nghe nhạc, lướt mạng xã hội thì việc dùng liên tục trong 8 - 9 tiếng là điều hoàn toàn có thể làm được trên Reno8 Pro 5G.</p><p style=\"margin-right: 0px; margin-bottom: 10px; margin-left: 0px; padding: 0px; margin-block: 0px; text-rendering: geometricprecision; line-height: 1.5; color: rgb(51, 51, 51); font-family: Arial, Helvetica, sans-serif; text-align: justify;\">OPPO Reno8 Pro 5G - mẫu smartphone hướng đến đối tượng khách hàng thuộc giới trẻ nhờ lối thiết kế vô cùng bắt mắt và thời thượng, camera cũng được đánh giá khá cao nên đây rất phù hợp cho những ai đang làm các công việc có liên quan đến sản xuất nội dung video, hình ảnh, và những gì OPPO mang đến cho người dùng trên phiên bản lần này thì mức giá như trên là cực kỳ xứng đán</p>', 15, 1, 200, 1, 0, 9, 7, '2022-12-03 12:48:45', '2022-12-03 13:04:51'),
(28, 'Samsung Galaxy S22 Ultra 5G', '\"Galaxy-S22-Ultra-Burgundy-600x6009938.jpg\"', 50, 30000000, 24000000, 'Dynamic AMOLED 2X6.8\" Quad HD+ (2K+)', 'Hồng', 'Chính 108 MP & Phụ 12 MP, 10 MP, 10 MP', '40 MP', 'Snapdragon 8 Gen 1', '128GB', '8GB', '2 Nano SIM hoặc 1 Nano SIM + 1 eSIMHỗ trợ 5G', '5000 mAh45 W', 'Bảo mật nâng cao:  Mở khoá khuôn mặtMở khoá vân tay dưới màn hình Tính năng đặc biệt:  Samsung Pay  Màn hình luôn hiển thị AOD  Chạm 2 lần sáng màn hình  Thu nhỏ màn hình sử dụng một tay  Trợ lý ảo Samsung Bixby  Chặn cuộc gọi  Chặn tin nhắn  Samsung DeX (Kết nối màn hình sử dụng giao diện tương tự PC)  Âm thanh AKG  Đa cửa sổ (chia đôi màn hình)  Tối ưu game (Game Booster)  Không gian thứ hai (Thư mục bảo mật)  Âm thanh Dolby Atmos  Ghi âm:  Ghi âm mặc địnhGhi âm cuộc gọi Xem phim:  3GP  AVI  MP4  MKV  FLV  Nghe nhạc:  AMR  AAC  WAV  OGG  MP3  M4A', '<h3 style=\"margin: 20px 0px 15px; padding: 0px; font-variant-numeric: normal; font-variant-east-asian: normal; font-weight: bold; font-stretch: normal; font-size: 20px; line-height: 28px; font-family: Arial, Helvetica, sans-serif; outline: none; text-align: justify;\"><font style=\"\" color=\"#000000\"><span style=\"transition-duration: 0.2s; transition-property: all; font-stretch: normal; line-height: 18px; outline-color: initial; outline-width: initial; background-color: rgb(255, 255, 255);\">Galaxy S22 Ultra 5G</span></font><font color=\"#333333\"> chiếc smartphone cao cấp nhất trong bộ 3 Galaxy S22 series mà </font><span style=\"transition-duration: 0.2s; transition-property: all; font-stretch: normal; line-height: 18px; outline-color: initial; outline-width: initial; background-color: rgb(255, 255, 255);\"><font color=\"#000000\">Samsung</font></span><font color=\"#333333\"> đã cho ra mắt. Tích hợp bút S Pen hoàn hảo trong thân máy, trang bị vi xử lý mạnh mẽ cho các tác vụ sử dụng vô cùng mượt mà và nổi bật hơn với cụm camera không viền độc đáo mang đậm dấu ấn riêng.</font></h3><h3 style=\"margin: 20px 0px 15px; padding: 0px; font-variant-numeric: normal; font-variant-east-asian: normal; font-weight: bold; font-stretch: normal; font-size: 20px; line-height: 28px; font-family: Arial, Helvetica, sans-serif; color: rgb(51, 51, 51); outline: none; text-align: justify;\">Sở hữu một diện mạo đầy nổi bật</h3><p style=\"margin-right: 0px; margin-bottom: 10px; margin-left: 0px; padding: 0px; margin-block: 0px; text-rendering: geometricprecision; line-height: 1.5; color: rgb(51, 51, 51); font-family: Arial, Helvetica, sans-serif; text-align: justify;\">Galaxy S22 Ultra 5G được kế thừa form thiết kế từ những dòng Note trước đây của hãng đem đến cho bạn có cảm giác vừa mới lạ vừa hoài niệm. Trọng lượng của máy 228 g cho cảm giác cầm nắm đầm tay, khi cầm máy trần thì hơi có cảm giác dễ trượt.</p><p style=\"margin-right: 0px; margin-bottom: 10px; margin-left: 0px; padding: 0px; margin-block: 0px; text-rendering: geometricprecision; line-height: 1.5; color: rgb(51, 51, 51); font-family: Arial, Helvetica, sans-serif; text-align: justify;\"><a class=\"preventdefault\" href=\"https://cdn.tgdd.vn/Products/Images/42/235838/samsung-galaxy-s22-ultra-10-2.jpg\" style=\"margin: 0px; padding: 0px; transition: all 0.2s ease 0s; color: rgb(47, 128, 237); cursor: default;\"></a></p><p style=\"margin-right: 0px; margin-bottom: 10px; margin-left: 0px; padding: 0px; margin-block: 0px; text-rendering: geometricprecision; line-height: 1.5; font-family: Arial, Helvetica, sans-serif; text-align: justify;\"><font color=\"#333333\">Phần mặt lưng </font><font style=\"\" color=\"#000000\"><span style=\"transition-duration: 0.2s; transition-property: all; background-color: rgb(255, 255, 255);\">điện thoại</span></font><font color=\"#333333\"> được làm nhám nên hạn chế tốt việc bám dấu vân tay, có thiết kế cũng khá đơn giản nhưng vẫn toát lên vẻ sang trọng và cao cấp của chiếc máy. Cụm camera sau trên Galaxy S22 Ultra 5G được thiết kế trần tạo cảm giác gọn gàng và cũng tạo nên một điểm nhấn độc đáo cho chiếc máy.</font></p><p style=\"margin-right: 0px; margin-bottom: 10px; margin-left: 0px; padding: 0px; margin-block: 0px; text-rendering: geometricprecision; line-height: 1.5; color: rgb(51, 51, 51); font-family: Arial, Helvetica, sans-serif; text-align: justify;\"><a class=\"preventdefault\" href=\"https://cdn.tgdd.vn/Products/Images/42/235838/samsung-galaxy-s22-ultra-11-2.jpg\" style=\"margin: 0px; padding: 0px; transition: all 0.2s ease 0s; color: rgb(47, 128, 237); cursor: default;\"></a></p><p style=\"margin-right: 0px; margin-bottom: 10px; margin-left: 0px; padding: 0px; margin-block: 0px; text-rendering: geometricprecision; line-height: 1.5; font-family: Arial, Helvetica, sans-serif; text-align: justify;\"><font color=\"#333333\">Có thể nói Galaxy S22 Ultra 5G chính là chiếc máy đầu tiên được tích hợp bút S Pen hoàn hảo trong một thân máy của </font><font style=\"\" color=\"#000000\"><span style=\"transition-duration: 0.2s; transition-property: all; background-color: rgb(255, 255, 255);\">dòng Galaxy S</span></font><font color=\"#333333\">. Giờ đây, bạn có thể dễ dàng phác thảo, ghi chú lại những ý tưởng vô cùng nhanh chóng với độ trễ đã được cải thiện cho cảm giác viết vẽ vô cùng chân thật.</font></p><p style=\"margin-right: 0px; margin-bottom: 10px; margin-left: 0px; padding: 0px; margin-block: 0px; text-rendering: geometricprecision; line-height: 1.5; color: rgb(51, 51, 51); font-family: Arial, Helvetica, sans-serif; text-align: justify;\"><a class=\"preventdefault\" href=\"https://cdn.tgdd.vn/Products/Images/42/235838/samsung-galaxy-s22-ultra-7-2.jpg\" style=\"margin: 0px; padding: 0px; transition: all 0.2s ease 0s; color: rgb(47, 128, 237); cursor: default;\"></a></p><h3 style=\"margin: 20px 0px 15px; padding: 0px; font-variant-numeric: normal; font-variant-east-asian: normal; font-weight: bold; font-stretch: normal; font-size: 20px; line-height: 28px; font-family: Arial, Helvetica, sans-serif; color: rgb(51, 51, 51); outline: none; text-align: justify;\">Cấu hình mạnh mẽ với Snapdragon 8 Gen 1</h3><p style=\"margin-right: 0px; margin-bottom: 10px; margin-left: 0px; padding: 0px; margin-block: 0px; text-rendering: geometricprecision; line-height: 1.5; color: rgb(51, 51, 51); font-family: Arial, Helvetica, sans-serif; text-align: justify;\">Hiệu năng trên Galaxy S22 Ultra 5G là điều khỏi bàn cãi khi máy sử dụng chip Snapdragon 8 Gen 1 vô cùng mạnh mẽ với tiến trình sản xuất 4 nm. Khi máy chơi game cũng chỉ ấm lên một chút ở vị trí cụm camera chứ không hoàn toàn quá nóng như những sản phẩm khác khi dùng cùng con chip này.</p><p style=\"margin-right: 0px; margin-bottom: 10px; margin-left: 0px; padding: 0px; margin-block: 0px; text-rendering: geometricprecision; line-height: 1.5; color: rgb(51, 51, 51); font-family: Arial, Helvetica, sans-serif; text-align: justify;\">Máy dễ dàng vượt qua được các tựa game Liên Quân, PUBG Mobile, cài đặt cấu hình tối đa thì biểu đồ FPS trên Galaxy S22 Ultra 5G vẫn khá ổn định, không bị drop quá nhiều. Kể cả tựa game Genshin Impact ở mức đồ họa mặc định thì máy chơi vẫn mượt mà, đồ họa hiển thị đẹp mắt.</p><p style=\"margin-right: 0px; margin-bottom: 10px; margin-left: 0px; padding: 0px; margin-block: 0px; text-rendering: geometricprecision; line-height: 1.5; color: rgb(51, 51, 51); font-family: Arial, Helvetica, sans-serif; text-align: justify;\"><a class=\"preventdefault\" href=\"https://cdn.tgdd.vn/Products/Images/42/235838/samsung-galaxy-s22-ultra-1-2.jpg\" style=\"margin: 0px; padding: 0px; transition: all 0.2s ease 0s; color: rgb(47, 128, 237); cursor: default;\"></a></p><p style=\"margin-right: 0px; margin-bottom: 10px; margin-left: 0px; padding: 0px; margin-block: 0px; text-rendering: geometricprecision; line-height: 1.5; font-family: Arial, Helvetica, sans-serif; text-align: justify;\"><font color=\"#333333\">Còn nói về các tác vụ cơ bản như lướt web, đọc báo, xem YouTube,... thì máy hoàn thành một cách dễ dàng, sử dụng mượt mà, khả năng đa nhiệm thoải mái với </font><font style=\"\" color=\"#000000\"><span style=\"transition-duration: 0.2s; transition-property: all; background-color: rgb(255, 255, 255);\">RAM 8 GB</span></font><font color=\"#333333\">.</font></p><p style=\"margin-right: 0px; margin-bottom: 10px; margin-left: 0px; padding: 0px; margin-block: 0px; text-rendering: geometricprecision; line-height: 1.5; color: rgb(51, 51, 51); font-family: Arial, Helvetica, sans-serif; text-align: justify;\"><a class=\"preventdefault\" href=\"https://cdn.tgdd.vn/Products/Images/42/235838/samsung-galaxy-s22-ultra-3-2.jpg\" style=\"margin: 0px; padding: 0px; transition: all 0.2s ease 0s; color: rgb(47, 128, 237); cursor: default;\"></a></p><h3 style=\"margin: 20px 0px 15px; padding: 0px; font-variant-numeric: normal; font-variant-east-asian: normal; font-weight: bold; font-stretch: normal; font-size: 20px; line-height: 28px; font-family: Arial, Helvetica, sans-serif; color: rgb(51, 51, 51); outline: none; text-align: justify;\">Mang đến những bức ảnh đầy chất lượng</h3><div style=\"margin: 0px 0px 10px; padding: 0px; line-height: 1.5; font-family: Arial, Helvetica, sans-serif; text-align: justify;\"><font color=\"#333333\">Chiếc </font><font style=\"\" color=\"#000000\"><span style=\"transition-duration: 0.2s; transition-property: all; background-color: rgb(255, 255, 255);\">điện thoại Samsung</span></font><font color=\"#333333\"> này được trang bị 4 camera với camera chính lên đến 108 MP, </font><span style=\"transition-duration: 0.2s; transition-property: all; background-color: rgb(255, 255, 255);\"><font color=\"#000000\">camera góc siêu rộng</font></span><font color=\"#333333\"> 12 MP, 2 </font><span style=\"transition-duration: 0.2s; transition-property: all; background-color: rgb(255, 255, 255);\"><font color=\"#000000\">camera tele</font></span><font color=\"#333333\"> 10 MP hỗ trợ thu phóng quang học 10x. Nổi bật nhất là camera chính với khả năng chụp đêm vô cùng ấn tượng như câu mà hãng đã đưa ra \"Nightography Camera - Mắt thần bóng đêm\". Sở hữu cảm biến điểm ảnh lớn nên thu được nhiều ánh sáng hơn, khi chụp đêm những bức ảnh cực kỳ sáng, hiện tượng nhiễu hạt được cải thiện đáng kể.</font></div><div style=\"margin: 0px 0px 10px; padding: 0px; line-height: 1.5; color: rgb(51, 51, 51); font-family: Arial, Helvetica, sans-serif; text-align: justify;\"><a class=\"preventdefault\" href=\"https://cdn.tgdd.vn/Products/Images/42/235838/samsung-galaxy-s22-ultra-8-2.jpg\" style=\"margin: 0px; padding: 0px; transition: all 0.2s ease 0s; color: rgb(47, 128, 237);\"></a></div><div style=\"margin: 0px 0px 10px; padding: 0px; line-height: 1.5; color: rgb(51, 51, 51); font-family: Arial, Helvetica, sans-serif; text-align: justify;\">Chế độ zoom 100x hoạt động khá là ổn định, khả năng zoom xa và bắt nét ảnh nhanh. Tất nhiên khi bạn zoom tới 100x thì ảnh khá mờ, khoảng cách zoom để cho ra chất lượng ảnh tốt là khoảng 30-40x.</div><div style=\"margin: 0px 0px 10px; padding: 0px; line-height: 1.5; color: rgb(51, 51, 51); font-family: Arial, Helvetica, sans-serif; text-align: justify;\"><a class=\"preventdefault\" href=\"https://cdn.tgdd.vn/Products/Images/42/235838/samsung-galaxy-s22-ultra-6-2.jpg\" style=\"margin: 0px; padding: 0px; transition: all 0.2s ease 0s; color: rgb(47, 128, 237);\"></a></div><div style=\"margin: 0px 0px 10px; padding: 0px; line-height: 1.5; color: rgb(51, 51, 51); font-family: Arial, Helvetica, sans-serif; text-align: justify;\">Chế độ chụp chân dung cũng đã được hãng cải thiện khá nhiều so với thế hệ trước. Ảnh chụp xóa phông sâu, ít bị lẹm kể cả phần khó như tóc, độ chi tiết cao, ảnh tươi sáng và màu sắc khá chân thật. Bạn muốn chụp ảnh phong cảnh, khu phố hay đơn giản là chụp nhóm thì trên Galaxy S22 Ultra 5G hoàn toàn làm được với camera góc siêu rộng.</div><div style=\"margin: 0px 0px 10px; padding: 0px; line-height: 1.5; color: rgb(51, 51, 51); font-family: Arial, Helvetica, sans-serif; text-align: justify;\"><a class=\"preventdefault\" href=\"https://cdn.tgdd.vn/Products/Images/42/235838/samsung-galaxy-s22-ultra-9-2.jpg\" style=\"margin: 0px; padding: 0px; transition: all 0.2s ease 0s; color: rgb(47, 128, 237);\"></a></div><div style=\"margin: 0px 0px 10px; padding: 0px; line-height: 1.5; color: rgb(51, 51, 51); font-family: Arial, Helvetica, sans-serif;\"><div style=\"margin: 0px 0px 10px; padding: 0px; line-height: 1.5; text-align: justify;\">Galaxy S22 Ultra 5G hỗ trợ quay video 8K tuy nhiên không đi kèm chống rung, nếu như bật chế độ Siêu ổn định lên thì độ phân giải sẽ bị giới hạn xuống Full HD 60 FPS. Bao nhiêu đó cũng khá đủ rồi, khung hình ổn định, ít bị giật, độ chi tiết cao và màu sắc cũng khá chân thật để chúng ta dễ dàng chỉnh sửa.</div><div style=\"margin: 0px 0px 10px; padding: 0px; line-height: 1.5; text-align: justify;\">Camera trước lên đến 40 MP cho nên hình sống ảo của chúng ta sẽ chân thật hơn bao giờ hết, da vẫn được làm mịn nhẹ nhưng các chi tiết trên da đều sẽ được tái tạo rất rõ nét. Màu sắc khá rực rỡ nên không cần áp dụng thêm bộ lọc màu nữa.</div></div><h3 style=\"margin: 20px 0px 15px; padding: 0px; font-variant-numeric: normal; font-variant-east-asian: normal; font-weight: bold; font-stretch: normal; font-size: 20px; line-height: 28px; font-family: Arial, Helvetica, sans-serif; color: rgb(51, 51, 51); outline: none; text-align: justify;\">Trải nghiệm xem nhìn hoàn hảo</h3><div style=\"margin: 0px 0px 10px; padding: 0px; line-height: 1.5; font-family: Arial, Helvetica, sans-serif; text-align: justify;\"><font color=\"#333333\">Galaxy S22 Ultra 5G trang bị một màn hình khá xuất sắc với độ phân giải 2K+, rộng 6.8 inch cùng với đó là tấm nền </font><font style=\"\" color=\"#000000\"><span style=\"transition-duration: 0.2s; transition-property: all; background-color: rgb(255, 255, 255);\">Dynamic AMOLED 2X</span></font><font color=\"#333333\"> đem đến một màu sắc hiển thị rực rỡ, màu đen sâu cho cảm giác xem nhìn chân thật. Hỗ trợ tần số quét 120 Hz nên khả năng vuốt chạm mượt mà, nhanh chóng. Màn hình có độ sáng cao 1750 nits nên việc khi dùng ngoài trời chất lượng hiển thị vẫn rất rõ ràng.</font></div><div style=\"margin: 0px 0px 10px; padding: 0px; line-height: 1.5; color: rgb(51, 51, 51); font-family: Arial, Helvetica, sans-serif; text-align: justify;\"><a class=\"preventdefault\" href=\"https://cdn.tgdd.vn/Products/Images/42/235838/samsung-galaxy-s22-ultra-5-2.jpg\" style=\"margin: 0px; padding: 0px; transition: all 0.2s ease 0s; color: rgb(47, 128, 237);\"></a></div><div style=\"margin: 0px 0px 10px; padding: 0px; line-height: 1.5; color: rgb(51, 51, 51); font-family: Arial, Helvetica, sans-serif; text-align: justify;\">Mặt kính cong tràn sang 2 cạnh khá sang trọng và cũng là đặc trưng của dòng Note, được trang bị kính cường lực Corning Gorilla Glass Victus+ gia tăng khả năng chống trầy xước rất tốt, cho bạn yên tâm hơn khi sử dụng máy.</div><h3 style=\"margin: 20px 0px 15px; padding: 0px; font-variant-numeric: normal; font-variant-east-asian: normal; font-weight: bold; font-stretch: normal; font-size: 20px; line-height: 28px; font-family: Arial, Helvetica, sans-serif; color: rgb(51, 51, 51); outline: none; text-align: justify;\">Thời lượng sử dụng cả ngày với viên pin 5000 mAh</h3><div style=\"margin: 0px 0px 10px; padding: 0px; line-height: 1.5; font-family: Arial, Helvetica, sans-serif;\"><div style=\"margin: 0px 0px 10px; padding: 0px; line-height: 1.5; text-align: justify;\"><font color=\"#333333\">Viên pin trên Galaxy S22 Ultra 5G được hỗ trợ là 5000 mAh tương tự như </font><font style=\"\" color=\"#000000\"><span style=\"transition-duration: 0.2s; transition-property: all; background-color: rgb(255, 255, 255);\">Galaxy S21 Ultra 5G</span></font><font color=\"#333333\"> nhưng công suất sạc thì đã được nâng lên thành 45 W thay vì 25 W. Khả năng </font><span style=\"transition-duration: 0.2s; transition-property: all; background-color: rgb(255, 255, 255);\"><font color=\"#000000\">sạc nhanh</font></span><font color=\"#333333\"> ấn tượng với 30 phút được hơn 50% dung lượng và mất khoảng 1 giờ 10 phút là đầy.</font></div><div style=\"color: rgb(51, 51, 51); margin: 0px 0px 10px; padding: 0px; line-height: 1.5; text-align: justify;\"><a class=\"preventdefault\" href=\"https://cdn.tgdd.vn/Products/Images/42/235838/samsung-galaxy-s22-ultra-12-2.jpg\" style=\"margin: 0px; padding: 0px; transition: all 0.2s ease 0s; color: rgb(47, 128, 237);\"></a></div><div style=\"color: rgb(51, 51, 51); margin: 0px 0px 10px; padding: 0px; line-height: 1.5; text-align: justify;\">Vì thế với dung lượng pin cao cùng khả năng sạc nhanh, thì Galaxy S22 Ultra 5G hoàn toàn có thể cùng bạn chinh phục các tựa game, những bộ phim yêu thích hoặc đáp ứng tốt nhu cầu làm việc cả một ngày dài.</div><h3 style=\"color: rgb(51, 51, 51); margin: 20px 0px 15px; padding: 0px; font-variant-numeric: normal; font-variant-east-asian: normal; font-weight: bold; font-stretch: normal; font-size: 20px; line-height: 28px; font-family: Arial, Helvetica, sans-serif; outline: none; text-align: justify;\">Chuyển đổi dữ liệu nhanh chóng và tiện lợi</h3><div style=\"color: rgb(51, 51, 51); margin: 0px 0px 10px; padding: 0px; line-height: 1.5; text-align: justify;\">Ngoài ra, để trải nghiệm sử dụng của khách hàng được liền mạch hơn, Samsung có cung cấp một cách chuyển đổi dữ liệu an toàn, bảo mật với tính năng <strong style=\"margin: 0px; padding: 0px;\">Smart Witch. </strong>Hỗ trợ người dùng truyền dữ liệu như ảnh, video, danh bạ, sự kiện lịch, ghi chú,... từ nhiều thiết bị <strong style=\"margin: 0px; padding: 0px;\">kể cả khác hệ điều hành</strong> đến Samsung Galaxy S22 Ultra.</div></div>', 15, 1, 198, 1, 0, 2, 7, '2022-12-03 13:00:35', '2022-12-03 13:05:12');

-- --------------------------------------------------------

--
-- Table structure for table `sliders`
--

CREATE TABLE `sliders` (
  `id` int(11) NOT NULL,
  `title` varchar(200) COLLATE utf8mb4_unicode_ci NOT NULL,
  `image` varchar(200) COLLATE utf8mb4_unicode_ci NOT NULL,
  `product_id` int(11) NOT NULL,
  `status` int(11) NOT NULL
) ENGINE=InnoDB DEFAULT CHARSET=utf8mb4 COLLATE=utf8mb4_unicode_ci;

--
-- Dumping data for table `sliders`
--

INSERT INTO `sliders` (`id`, `title`, `image`, `product_id`, `status`) VALUES
(6, 'dt', 's22-800-200-800x200-31214.png', 28, 0),
(7, 'dt1', '800-200-800x200-1283077.png', 26, 0);

--
-- Indexes for dumped tables
--

--
-- Indexes for table `admin`
--
ALTER TABLE `admin`
  ADD PRIMARY KEY (`admin_id`);

--
-- Indexes for table `brands`
--
ALTER TABLE `brands`
  ADD PRIMARY KEY (`id`);

--
-- Indexes for table `categories`
--
ALTER TABLE `categories`
  ADD PRIMARY KEY (`id`);

--
-- Indexes for table `comments`
--
ALTER TABLE `comments`
  ADD PRIMARY KEY (`id`),
  ADD KEY `product_id` (`product_id`),
  ADD KEY `customer_id` (`customer_id`),
  ADD KEY `admin_id` (`admin_id`),
  ADD KEY `comment_parent_id` (`comment_parent_id`);

--
-- Indexes for table `customers`
--
ALTER TABLE `customers`
  ADD PRIMARY KEY (`id`);

--
-- Indexes for table `galleries`
--
ALTER TABLE `galleries`
  ADD PRIMARY KEY (`id`),
  ADD KEY `product_id` (`product_id`);

--
-- Indexes for table `orders`
--
ALTER TABLE `orders`
  ADD PRIMARY KEY (`id`),
  ADD KEY `customer_id` (`customer_id`);

--
-- Indexes for table `order_details`
--
ALTER TABLE `order_details`
  ADD PRIMARY KEY (`id`),
  ADD KEY `order_id` (`order_id`),
  ADD KEY `product_id` (`product_id`);

--
-- Indexes for table `products`
--
ALTER TABLE `products`
  ADD PRIMARY KEY (`id`),
  ADD KEY `category_id` (`category_id`),
  ADD KEY `brands_id` (`brand_id`);

--
-- Indexes for table `sliders`
--
ALTER TABLE `sliders`
  ADD PRIMARY KEY (`id`),
  ADD KEY `product_id` (`product_id`);

--
-- AUTO_INCREMENT for dumped tables
--

--
-- AUTO_INCREMENT for table `admin`
--
ALTER TABLE `admin`
  MODIFY `admin_id` int(11) NOT NULL AUTO_INCREMENT, AUTO_INCREMENT=2;

--
-- AUTO_INCREMENT for table `brands`
--
ALTER TABLE `brands`
  MODIFY `id` int(11) NOT NULL AUTO_INCREMENT, AUTO_INCREMENT=18;

--
-- AUTO_INCREMENT for table `categories`
--
ALTER TABLE `categories`
  MODIFY `id` int(11) NOT NULL AUTO_INCREMENT, AUTO_INCREMENT=10;

--
-- AUTO_INCREMENT for table `comments`
--
ALTER TABLE `comments`
  MODIFY `id` int(11) NOT NULL AUTO_INCREMENT, AUTO_INCREMENT=15;

--
-- AUTO_INCREMENT for table `customers`
--
ALTER TABLE `customers`
  MODIFY `id` int(11) NOT NULL AUTO_INCREMENT, AUTO_INCREMENT=18;

--
-- AUTO_INCREMENT for table `galleries`
--
ALTER TABLE `galleries`
  MODIFY `id` int(11) NOT NULL AUTO_INCREMENT, AUTO_INCREMENT=31;

--
-- AUTO_INCREMENT for table `order_details`
--
ALTER TABLE `order_details`
  MODIFY `id` int(11) NOT NULL AUTO_INCREMENT, AUTO_INCREMENT=65;

--
-- AUTO_INCREMENT for table `products`
--
ALTER TABLE `products`
  MODIFY `id` int(11) NOT NULL AUTO_INCREMENT, AUTO_INCREMENT=29;

--
-- AUTO_INCREMENT for table `sliders`
--
ALTER TABLE `sliders`
  MODIFY `id` int(11) NOT NULL AUTO_INCREMENT, AUTO_INCREMENT=8;

--
-- Constraints for dumped tables
--

--
-- Constraints for table `comments`
--
ALTER TABLE `comments`
  ADD CONSTRAINT `comments_ibfk_1` FOREIGN KEY (`product_id`) REFERENCES `products` (`id`),
  ADD CONSTRAINT `comments_ibfk_2` FOREIGN KEY (`customer_id`) REFERENCES `customers` (`id`),
  ADD CONSTRAINT `comments_ibfk_4` FOREIGN KEY (`admin_id`) REFERENCES `admin` (`admin_id`),
  ADD CONSTRAINT `comments_ibfk_5` FOREIGN KEY (`comment_parent_id`) REFERENCES `comments` (`id`);

--
-- Constraints for table `galleries`
--
ALTER TABLE `galleries`
  ADD CONSTRAINT `galleries_ibfk_1` FOREIGN KEY (`product_id`) REFERENCES `products` (`id`);

--
-- Constraints for table `orders`
--
ALTER TABLE `orders`
  ADD CONSTRAINT `orders_ibfk_1` FOREIGN KEY (`customer_id`) REFERENCES `customers` (`id`);

--
-- Constraints for table `order_details`
--
ALTER TABLE `order_details`
  ADD CONSTRAINT `order_details_ibfk_1` FOREIGN KEY (`product_id`) REFERENCES `products` (`id`),
  ADD CONSTRAINT `order_details_ibfk_2` FOREIGN KEY (`order_id`) REFERENCES `orders` (`id`);

--
-- Constraints for table `products`
--
ALTER TABLE `products`
  ADD CONSTRAINT `products_ibfk_1` FOREIGN KEY (`category_id`) REFERENCES `categories` (`id`),
  ADD CONSTRAINT `products_ibfk_2` FOREIGN KEY (`brand_id`) REFERENCES `brands` (`id`);

--
-- Constraints for table `sliders`
--
ALTER TABLE `sliders`
  ADD CONSTRAINT `sliders_ibfk_1` FOREIGN KEY (`product_id`) REFERENCES `products` (`id`);
COMMIT;

/*!40101 SET CHARACTER_SET_CLIENT=@OLD_CHARACTER_SET_CLIENT */;
/*!40101 SET CHARACTER_SET_RESULTS=@OLD_CHARACTER_SET_RESULTS */;
/*!40101 SET COLLATION_CONNECTION=@OLD_COLLATION_CONNECTION */;
